,cat_x1,cat_y1
0,673.0,2645.5
1,675.0,2645.5
2,674.0,2645.5
3,673.0,2645.5
4,673.0,2645.5
5,673.0,2645.0
6,673.0,2646.5
7,673.0,2645.5
8,674.0,2646.5
9,674.0,2645.5
10,674.0,2646.5
11,674.0,2645.5
12,674.0,2646.5
13,674.0,2646.5
14,674.0,2645.5
15,673.0,2646.5
16,673.0,2646.5
17,673.0,2645.5
18,673.0,2646.5
19,673.0,2646.5
20,673.0,2646.5
21,673.0,2645.5
22,673.0,2646.5
23,674.0,2645.5
24,673.0,2646.5
25,674.0,2646.5
26,674.0,2645.5
27,673.0,2645.5
28,675.0,2646.5
29,674.0,2645.5
30,674.0,2645.5
31,674.0,2646.5
32,674.0,2644.5
33,674.0,2646.5
34,674.0,2645.5
35,673.0,2645.5
36,673.0,2645.5
37,674.0,2645.5
38,674.0,2645.5
39,674.0,2645.5
40,675.0,2647.5
41,676.0,2645.5
42,675.0,2646.5
43,672.0,2645.5
44,672.0,2647.5
45,675.0,2645.5
46,676.0,2647.5
47,674.0,2646.5
48,673.0,2646.5
49,672.0,2646.5
50,672.0,2646.5
51,674.0,2646.5
52,675.0,2646.5
53,673.0,2647.5
54,672.0,2645.5
55,672.0,2646.5
56,673.0,2646.5
57,674.0,2645.5
58,674.0,2646.5
59,674.0,2645.5
60,674.0,2645.5
61,674.0,2646.5
62,673.0,2645.5
63,672.0,2645.5
64,672.0,2646.5
65,672.0,2645.5
66,673.0,2645.5
67,674.0,2645.5
68,674.0,2646.5
69,675.0,2646.5
70,674.0,2646.5
71,674.0,2646.5
72,674.0,2645.5
73,673.0,2645.5
74,673.0,2646.5
75,673.0,2645.5
76,673.0,2645.5
77,673.0,2645.5
78,674.0,2646.5
79,674.0,2645.5
80,674.0,2645.5
81,674.0,2646.5
82,674.0,2645.5
83,674.0,2646.5
84,674.0,2645.5
85,674.0,2645.5
86,673.0,2645.5
87,673.0,2645.5
88,674.0,2646.5
89,674.0,2645.5
90,675.0,2646.5
91,675.0,2645.5
92,674.0,2645.5
93,674.0,2645.5
94,674.0,2646.5
95,674.0,2645.5
96,674.0,2645.5
97,674.0,2645.5
98,674.0,2645.5
99,674.0,2646.5
100,674.0,2645.5
101,674.0,2645.5
102,674.0,2646.5
103,675.0,2645.5
104,675.0,2645.5
105,674.0,2645.5
106,674.0,2646.5
107,673.0,2645.5
108,673.0,2645.5
109,674.0,2646.5
110,674.0,2645.5
111,675.0,2644.5
112,674.0,2646.5
113,674.0,2645.5
114,674.0,2645.5
115,674.0,2645.5
116,674.0,2645.5
117,674.0,2645.5
118,674.0,2645.5
119,674.0,2645.5
120,674.0,2645.5
121,674.0,2645.5
122,674.0,2645.5
123,674.0,2645.5
124,674.0,2645.5
125,674.0,2645.5
126,674.0,2645.5
127,674.0,2646.5
128,674.0,2645.5
129,674.0,2645.5
130,674.0,2646.5
131,673.0,2645.5
132,674.0,2645.5
133,674.0,2645.5
134,674.0,2645.5
135,674.0,2646.5
136,674.0,2645.5
137,673.0,2645.5
138,674.0,2645.5
139,675.0,2645.5
140,674.0,2645.5
141,674.0,2646.5
142,674.0,2645.5
143,674.0,2645.5
144,674.0,2645.5
145,674.0,2646.5
146,674.0,2646.5
147,673.0,2645.5
148,674.0,2646.5
149,674.0,2646.5
150,674.0,2646.5
151,674.0,2645.5
152,674.0,2646.5
153,674.0,2646.5
154,674.0,2645.5
155,674.0,2646.5
156,674.0,2646.5
157,673.0,2645.5
158,674.0,2646.5
159,674.0,2646.5
160,674.0,2645.5
161,674.0,2646.5
162,674.0,2645.5
163,674.0,2646.5
164,674.0,2645.5
165,674.0,2646.5
166,674.0,2645.5
167,674.0,2645.5
168,674.0,2645.5
169,674.0,2645.5
170,674.0,2645.5
171,674.0,2645.5
172,674.0,2646.5
173,674.0,2645.5
174,674.0,2646.5
175,674.0,2645.5
176,674.0,2645.5
177,675.0,2645.5
178,674.0,2645.5
179,674.0,2646.5
180,674.0,2645.5
181,674.0,2646.5
182,674.0,2645.5
183,674.0,2646.5
184,675.0,2645.5
185,674.0,2645.5
186,674.0,2645.5
187,674.0,2645.5
188,674.0,2646.5
189,674.0,2646.5
190,675.0,2645.5
191,674.0,2646.5
192,674.0,2645.5
193,674.0,2645.5
194,674.0,2646.5
195,674.0,2646.5
196,674.0,2645.5
197,674.0,2645.5
198,675.0,2645.5
199,674.0,2645.5
200,674.0,2645.5
201,675.0,2644.5
202,675.0,2645.5
203,674.0,2645.5
204,674.0,2644.5
205,674.0,2644.5
206,674.0,2644.5
207,674.0,2644.5
208,674.0,2644.5
209,674.0,2643.5
210,674.0,2643.5
211,675.0,2643.5
212,675.0,2643.5
213,675.0,2643.5
214,675.0,2642.5
215,675.0,2643.5
216,675.0,2642.5
217,675.0,2643.5
218,675.0,2642.5
219,675.0,2642.5
220,674.0,2642.5
221,675.0,2641.5
222,675.0,2642.5
223,675.0,2642.5
224,675.0,2641.5
225,675.0,2641.5
226,675.0,2640.5
227,675.0,2641.5
228,675.0,2640.5
229,675.0,2641.5
230,675.0,2639.5
231,675.0,2640.5
232,674.0,2640.5
233,674.0,2639.5
234,675.0,2640.5
235,675.0,2639.5
236,675.0,2639.5
237,675.0,2639.5
238,675.0,2639.5
239,675.0,2638.5
240,676.0,2638.5
241,675.0,2638.5
242,675.0,2638.5
243,675.0,2638.5
244,675.0,2638.5
245,675.0,2637.5
246,675.0,2637.5
247,675.0,2637.5
248,675.0,2636.5
249,675.0,2636.5
250,675.0,2636.5
251,675.0,2636.5
252,675.0,2635.5
253,675.0,2635.5
254,675.0,2635.5
255,675.0,2634.5
256,675.0,2634.5
257,675.0,2634.5
258,675.0,2633.5
259,674.0,2633.5
260,675.0,2633.5
261,675.0,2632.5
262,675.0,2632.5
263,675.0,2631.5
264,675.0,2630.5
265,675.0,2629.5
266,675.0,2629.5
267,675.0,2629.5
268,675.0,2627.5
269,675.0,2628.5
270,675.0,2626.5
271,675.0,2625.5
272,676.0,2625.5
273,676.0,2625.5
274,675.0,2624.5
275,675.0,2623.5
276,675.0,2623.5
277,676.0,2623.5
278,676.0,2622.5
279,676.0,2622.5
280,677.0,2621.5
281,676.0,2620.5
282,676.0,2620.5
283,676.0,2620.5
284,676.0,2619.5
285,676.0,2618.5
286,676.0,2618.5
287,677.0,2616.5
288,677.0,2617.5
289,676.0,2617.5
290,676.0,2616.5
291,676.0,2615.5
292,676.0,2615.5
293,676.0,2613.5
294,676.0,2613.5
295,676.0,2613.5
296,676.0,2611.5
297,676.0,2611.5
298,675.0,2610.5
299,675.0,2609.5
300,675.0,2607.5
301,675.0,2606.5
302,675.0,2606.5
303,675.0,2604.5
304,675.0,2604.5
305,676.0,2603.5
306,676.0,2602.5
307,676.0,2602.5
308,676.0,2602.5
309,675.0,2603.5
310,676.0,2602.5
311,676.0,2602.5
312,676.0,2603.5
313,675.0,2602.5
314,675.0,2602.5
315,676.0,2602.5
316,676.0,2602.5
317,676.0,2602.5
318,676.0,2602.5
319,676.0,2602.5
320,676.0,2602.5
321,676.0,2602.5
322,676.0,2602.5
323,676.0,2602.5
324,675.0,2601.5
325,676.0,2602.5
326,676.0,2602.5
327,676.0,2602.5
328,676.0,2601.5
329,676.0,2602.5
330,676.0,2602.5
331,676.0,2602.5
332,676.0,2602.5
333,676.0,2602.5
334,676.0,2602.5
335,676.0,2601.5
336,676.0,2602.5
337,676.0,2602.5
338,676.0,2601.5
339,676.0,2602.5
340,676.0,2601.5
341,676.0,2602.5
342,676.0,2602.5
343,676.0,2601.5
344,676.0,2602.5
345,675.0,2602.5
346,676.0,2602.5
347,676.0,2602.5
348,676.0,2602.5
349,676.0,2602.5
350,676.0,2602.5
351,675.0,2602.5
352,675.0,2602.5
353,675.0,2602.5
354,676.0,2602.5
355,676.0,2602.5
356,676.0,2602.5
357,676.0,2601.5
358,676.0,2602.5
359,675.0,2602.5
360,676.0,2602.5
361,676.0,2602.5
362,676.0,2602.5
363,676.0,2602.5
364,676.0,2602.5
365,676.0,2602.5
366,676.0,2602.5
367,675.0,2601.5
368,676.0,2602.5
369,677.0,2602.5
370,676.0,2602.5
371,676.0,2601.5
372,677.0,2602.5
373,676.0,2601.5
374,676.0,2602.5
375,676.0,2602.5
376,677.0,2601.5
377,676.0,2602.5
378,676.0,2602.5
379,677.0,2601.5
380,676.0,2602.5
381,676.0,2602.5
382,676.0,2601.5
383,676.0,2602.5
384,676.0,2602.5
385,676.0,2602.5
386,676.0,2601.5
387,676.0,2602.5
388,675.0,2602.5
389,676.0,2602.5
390,676.0,2601.5
391,676.0,2602.5
392,676.0,2602.5
393,676.0,2601.5
394,676.0,2602.5
395,676.0,2602.5
396,676.0,2601.5
397,676.0,2602.5
398,676.0,2602.5
399,676.0,2601.5
400,676.0,2602.5
401,676.0,2601.5
402,676.0,2600.5
403,676.0,2599.5
404,677.0,2597.5
405,677.0,2597.5
406,677.0,2596.5
407,677.0,2596.5
408,677.0,2595.5
409,676.0,2594.5
410,676.0,2594.5
411,676.0,2593.5
412,676.0,2593.5
413,676.0,2591.5
414,676.0,2591.5
415,675.0,2589.5
416,675.0,2589.5
417,675.0,2588.5
418,675.0,2587.5
419,675.0,2587.5
420,675.0,2586.5
421,675.0,2585.5
422,676.0,2585.5
423,676.0,2584.5
424,675.0,2584.5
425,676.0,2582.5
426,676.0,2582.5
427,676.0,2582.5
428,676.0,2580.5
429,676.0,2581.5
430,676.0,2579.5
431,676.0,2579.5
432,676.0,2579.5
433,677.0,2577.5
434,677.0,2578.5
435,677.0,2576.5
436,677.0,2576.5
437,677.0,2575.5
438,676.0,2575.5
439,676.0,2574.5
440,676.0,2573.5
441,676.0,2573.5
442,676.0,2573.5
443,676.0,2571.5
444,677.0,2572.5
445,677.0,2570.5
446,677.0,2570.5
447,677.0,2570.5
448,677.0,2569.5
449,676.0,2568.5
450,676.0,2567.5
451,676.0,2567.5
452,676.0,2566.5
453,677.0,2565.5
454,677.0,2565.5
455,677.0,2565.5
456,677.0,2564.5
457,677.0,2563.5
458,677.0,2564.5
459,677.0,2562.5
460,677.0,2562.5
461,677.0,2561.5
462,677.0,2561.5
463,677.0,2560.5
464,676.0,2559.5
465,677.0,2559.5
466,677.0,2558.5
467,676.0,2557.5
468,677.0,2556.5
469,677.0,2556.5
470,677.0,2555.5
471,677.0,2555.5
472,678.0,2554.5
473,678.0,2553.5
474,678.0,2553.5
475,678.0,2552.5
476,678.0,2552.5
477,677.0,2550.5
478,678.0,2550.5
479,678.0,2550.5
480,678.0,2548.5
481,678.0,2548.5
482,678.0,2548.5
483,678.0,2547.5
484,678.0,2547.5
485,678.0,2546.5
486,678.0,2547.5
487,678.0,2545.5
488,678.0,2545.5
489,678.0,2543.5
490,678.0,2544.5
491,678.0,2543.5
492,678.0,2543.5
493,678.0,2542.5
494,678.0,2542.5
495,678.0,2541.5
496,678.0,2541.5
497,678.0,2540.5
498,679.0,2540.5
499,678.0,2539.5
500,678.0,2539.5
501,678.0,2538.5
502,679.0,2538.5
503,678.0,2537.5
504,678.0,2537.5
505,678.0,2536.5
506,678.0,2535.5
507,678.0,2535.5
508,679.0,2534.5
509,678.0,2534.5
510,678.0,2533.5
511,678.0,2532.5
512,678.0,2532.5
513,678.0,2532.5
514,678.0,2530.5
515,678.0,2530.5
516,678.0,2530.5
517,678.0,2528.5
518,677.0,2529.5
519,678.0,2527.5
520,678.0,2528.5
521,678.0,2526.5
522,678.0,2526.5
523,677.0,2526.5
524,677.0,2525.5
525,677.0,2524.5
526,677.0,2524.5
527,677.0,2523.5
528,677.0,2523.5
529,677.0,2521.5
530,678.0,2521.5
531,678.0,2520.5
532,677.0,2520.5
533,678.0,2519.5
534,678.0,2519.5
535,678.0,2519.5
536,678.0,2518.5
537,678.0,2518.5
538,678.0,2517.5
539,678.0,2516.5
540,678.0,2517.5
541,677.0,2515.5
542,678.0,2515.5
543,678.0,2514.5
544,678.0,2514.5
545,678.0,2512.5
546,678.0,2513.5
547,678.0,2511.5
548,677.0,2511.5
549,677.0,2510.5
550,677.0,2510.5
551,678.0,2509.5
552,677.0,2509.5
553,678.0,2508.5
554,678.0,2507.5
555,678.0,2507.5
556,678.0,2506.5
557,678.0,2505.5
558,678.0,2505.5
559,678.0,2504.5
560,678.0,2504.5
561,678.0,2503.5
562,678.0,2503.5
563,678.0,2502.5
564,678.0,2503.5
565,679.0,2501.5
566,678.0,2501.5
567,679.0,2501.5
568,679.0,2500.5
569,679.0,2500.5
570,678.0,2499.5
571,679.0,2499.5
572,679.0,2499.5
573,679.0,2498.5
574,679.0,2497.5
575,679.0,2497.5
576,678.0,2496.5
577,678.0,2496.5
578,678.0,2494.5
579,678.0,2495.5
580,679.0,2493.5
581,679.0,2493.5
582,679.0,2493.5
583,680.0,2492.5
584,679.0,2491.5
585,679.0,2491.5
586,679.0,2490.5
587,679.0,2490.5
588,680.0,2489.5
589,680.0,2488.5
590,680.0,2488.5
591,679.0,2487.5
592,679.0,2486.5
593,679.0,2486.5
594,679.0,2485.5
595,678.0,2484.5
596,679.0,2484.5
597,679.0,2483.5
598,679.0,2483.5
599,679.0,2482.5
600,679.0,2481.5
601,679.0,2481.5
602,679.0,2481.5
603,679.0,2480.5
604,679.0,2480.5
605,679.0,2480.5
606,679.0,2478.5
607,679.0,2478.5
608,679.0,2477.5
609,679.0,2476.5
610,679.0,2475.5
611,678.0,2475.5
612,679.0,2474.5
613,678.0,2474.5
614,678.0,2472.5
615,678.0,2471.5
616,679.0,2472.5
617,679.0,2471.5
618,678.0,2472.5
619,678.0,2471.5
620,679.0,2471.5
621,679.0,2472.5
622,679.0,2471.5
623,679.0,2471.5
624,678.0,2472.5
625,679.0,2471.5
626,679.0,2472.5
627,679.0,2471.5
628,679.0,2471.5
629,678.0,2471.5
630,679.0,2472.5
631,679.0,2471.5
632,679.0,2471.5
633,679.0,2471.5
634,679.0,2471.5
635,679.0,2471.5
636,679.0,2471.5
637,679.0,2471.5
638,679.0,2472.5
639,679.0,2471.5
640,679.0,2471.5
641,679.0,2471.5
642,679.0,2471.5
643,679.0,2471.5
644,679.0,2471.5
645,678.0,2472.5
646,679.0,2471.5
647,679.0,2471.5
648,679.0,2471.5
649,678.0,2472.5
650,679.0,2471.5
651,679.0,2471.5
652,679.0,2472.5
653,679.0,2471.5
654,679.0,2471.5
655,679.0,2471.5
656,679.0,2472.5
657,679.0,2471.5
658,679.0,2471.5
659,679.0,2472.5
660,679.0,2471.5
661,679.0,2471.5
662,679.0,2471.5
663,679.0,2471.5
664,678.0,2471.5
665,678.0,2471.5
666,678.0,2471.5
667,678.0,2471.5
668,678.0,2471.5
669,678.0,2471.5
670,679.0,2471.5
671,679.0,2471.5
672,679.0,2471.5
673,679.0,2471.5
674,679.0,2471.5
675,679.0,2471.5
676,679.0,2471.5
677,679.0,2471.5
678,679.0,2471.5
679,678.0,2471.5
680,678.0,2471.5
681,679.0,2471.5
682,679.0,2471.5
683,679.0,2471.5
684,679.0,2471.5
685,679.0,2471.5
686,679.0,2471.5
687,679.0,2471.5
688,679.0,2471.5
689,679.0,2471.5
690,679.0,2471.5
691,679.0,2471.5
692,679.0,2471.5
693,679.0,2471.5
694,679.0,2471.5
695,678.0,2471.5
696,678.0,2471.5
697,678.0,2472.5
698,678.0,2471.5
699,678.0,2471.5
700,679.0,2471.5
701,679.0,2471.5
702,679.0,2471.5
703,679.0,2472.5
704,678.0,2471.5
705,678.0,2471.5
706,679.0,2471.5
707,679.0,2472.5
708,679.0,2471.5
709,679.0,2471.5
710,679.0,2472.5
711,679.0,2470.5
712,679.0,2470.5
713,679.0,2469.5
714,679.0,2467.5
715,679.0,2466.5
716,679.0,2466.5
717,679.0,2466.5
718,679.0,2465.5
719,679.0,2464.5
720,679.0,2464.5
721,678.0,2464.5
722,679.0,2462.5
723,680.0,2461.5
724,679.0,2461.5
725,679.0,2460.5
726,679.0,2459.5
727,680.0,2459.5
728,680.0,2458.5
729,680.0,2457.5
730,680.0,2456.5
731,680.0,2455.5
732,680.0,2455.5
733,680.0,2454.5
734,680.0,2454.5
735,680.0,2453.5
736,680.0,2452.5
737,680.0,2451.5
738,680.0,2451.5
739,680.0,2451.5
740,680.0,2450.5
741,680.0,2448.5
742,679.0,2448.5
743,679.0,2447.5
744,679.0,2446.5
745,679.0,2445.5
746,678.0,2446.5
747,679.0,2444.5
748,679.0,2444.5
749,679.0,2444.5
750,679.0,2443.5
751,678.0,2442.5
752,678.0,2441.5
753,679.0,2441.5
754,679.0,2440.5
755,679.0,2439.5
756,679.0,2438.5
757,679.0,2438.5
758,679.0,2437.5
759,679.0,2435.5
760,679.0,2435.5
761,679.0,2434.5
762,679.0,2433.5
763,679.0,2433.5
764,680.0,2432.5
765,680.0,2432.5
766,680.0,2431.5
767,680.0,2430.5
768,680.0,2429.5
769,680.0,2429.5
770,679.0,2428.5
771,679.0,2427.5
772,679.0,2427.5
773,679.0,2427.5
774,679.0,2425.5
775,679.0,2426.5
776,679.0,2425.5
777,679.0,2424.5
778,679.0,2424.5
779,679.0,2423.5
780,679.0,2423.5
781,679.0,2422.5
782,679.0,2422.5
783,678.0,2421.5
784,679.0,2419.5
785,678.0,2420.5
786,678.0,2418.5
787,679.0,2419.5
788,679.0,2417.5
789,679.0,2417.5
790,679.0,2417.5
791,679.0,2416.5
792,679.0,2416.5
793,679.0,2415.5
794,678.0,2415.5
795,678.0,2413.5
796,678.0,2414.5
797,678.0,2412.5
798,678.0,2412.5
799,679.0,2412.5
800,679.0,2412.5
801,679.0,2411.5
802,679.0,2410.5
803,679.0,2410.5
804,679.0,2410.5
805,678.0,2408.5
806,678.0,2409.5
807,678.0,2407.5
808,677.0,2408.5
809,677.0,2407.5
810,677.0,2407.5
811,678.0,2406.5
812,677.0,2406.5
813,677.0,2404.5
814,677.0,2405.5
815,676.0,2404.5
816,676.0,2404.5
817,676.0,2403.5
818,677.0,2403.5
819,677.0,2402.5
820,677.0,2402.5
821,677.0,2401.5
822,677.0,2401.5
823,677.0,2400.5
824,677.0,2400.5
825,677.0,2399.5
826,677.0,2399.5
827,677.0,2399.5
828,677.0,2398.5
829,678.0,2398.5
830,678.0,2396.5
831,678.0,2396.5
832,679.0,2396.5
833,679.0,2394.5
834,679.0,2395.5
835,678.0,2393.5
836,679.0,2394.5
837,679.0,2393.5
838,679.0,2393.5
839,679.0,2392.5
840,679.0,2391.5
841,679.0,2391.5
842,679.0,2390.5
843,679.0,2390.5
844,680.0,2389.5
845,680.0,2389.5
846,680.0,2388.5
847,681.0,2387.5
848,681.0,2386.5
849,681.0,2386.5
850,681.0,2386.5
851,681.0,2385.5
852,680.0,2385.5
853,681.0,2383.5
854,681.0,2384.5
855,681.0,2383.5
856,681.0,2382.5
857,681.0,2381.5
858,681.0,2381.5
859,681.0,2381.5
860,680.0,2379.5
861,680.0,2379.5
862,680.0,2378.5
863,680.0,2378.5
864,679.0,2377.5
865,679.0,2377.5
866,679.0,2375.5
867,680.0,2375.5
868,679.0,2374.5
869,679.0,2374.5
870,680.0,2374.5
871,680.0,2372.5
872,680.0,2373.5
873,679.0,2371.5
874,680.0,2371.5
875,680.0,2371.5
876,679.0,2370.5
877,680.0,2369.5
878,679.0,2369.5
879,679.0,2369.5
880,679.0,2368.5
881,679.0,2367.5
882,680.0,2367.5
883,679.0,2367.5
884,679.0,2365.5
885,678.0,2365.5
886,679.0,2365.5
887,680.0,2364.5
888,679.0,2364.5
889,679.0,2363.5
890,679.0,2363.5
891,679.0,2361.5
892,679.0,2362.5
893,679.0,2361.5
894,679.0,2360.5
895,679.0,2360.5
896,679.0,2360.5
897,679.0,2359.5
898,680.0,2359.5
899,679.0,2359.5
900,679.0,2358.5
901,679.0,2358.5
902,679.0,2357.5
903,679.0,2357.5
904,679.0,2356.5
905,679.0,2356.5
906,679.0,2355.5
907,679.0,2355.5
908,680.0,2355.5
909,680.0,2354.5
910,680.0,2354.5
911,679.0,2353.5
912,679.0,2353.5
913,679.0,2352.5
914,679.0,2351.5
915,679.0,2350.5
916,679.0,2350.5
917,680.0,2349.5
918,679.0,2349.5
919,680.0,2347.5
920,680.0,2347.5
921,680.0,2346.5
922,680.0,2346.5
923,680.0,2346.5
924,680.0,2344.5
925,680.0,2344.5
926,680.0,2343.5
927,680.0,2342.5
928,681.0,2342.5
929,681.0,2341.5
930,681.0,2341.5
931,682.0,2340.5
932,683.0,2340.5
933,683.0,2339.5
934,683.0,2339.5
935,683.0,2338.5
936,684.0,2338.5
937,681.0,2336.5
938,681.0,2335.5
939,680.0,2334.5
940,681.0,2333.5
941,681.0,2333.5
942,681.0,2333.5
943,682.0,2331.5
944,681.0,2331.5
945,682.0,2330.5
946,682.0,2329.5
947,682.0,2328.5
948,683.0,2328.5
949,683.0,2327.5
950,683.0,2325.5
951,684.0,2325.5
952,684.0,2324.5
953,684.0,2324.5
954,685.0,2322.5
955,685.0,2322.5
956,685.0,2321.5
957,684.0,2320.5
958,684.0,2320.5
959,683.0,2319.5
960,683.0,2318.5
961,683.0,2317.5
962,683.0,2317.5
963,683.0,2317.5
964,682.0,2315.5
965,682.0,2315.5
966,682.0,2315.5
967,682.0,2313.5
968,682.0,2314.5
969,682.0,2313.5
970,682.0,2312.5
971,683.0,2312.5
972,684.0,2311.5
973,683.0,2310.5
974,683.0,2310.5
975,683.0,2310.5
976,683.0,2309.5
977,683.0,2308.5
978,683.0,2308.5
979,683.0,2307.5
980,684.0,2307.5
981,684.0,2307.5
982,684.0,2305.5
983,684.0,2305.5
984,684.0,2304.5
985,685.0,2303.5
986,685.0,2302.5
987,685.0,2302.5
988,685.0,2301.5
989,685.0,2301.5
990,685.0,2301.5
991,685.0,2300.5
992,685.0,2299.5
993,685.0,2299.5
994,685.0,2298.5
995,685.0,2297.5
996,685.0,2297.5
997,685.0,2297.5
998,684.0,2295.5
999,684.0,2295.5
1000,684.0,2295.5
1001,684.0,2294.5
1002,684.0,2293.5
1003,684.0,2293.5
1004,684.0,2293.5
1005,684.0,2293.5
1006,685.0,2291.5
1007,685.0,2291.5
1008,685.0,2291.5
1009,684.0,2291.5
1010,684.0,2289.5
1011,684.0,2289.5
1012,684.0,2289.5
1013,684.0,2288.5
1014,684.0,2288.5
1015,684.0,2286.5
1016,685.0,2287.5
1017,685.0,2285.5
1018,685.0,2286.5
1019,685.0,2285.5
1020,685.0,2284.5
1021,685.0,2284.5
1022,685.0,2283.5
1023,685.0,2283.5
1024,684.0,2282.5
1025,685.0,2282.5
1026,685.0,2282.5
1027,685.0,2282.5
1028,685.0,2282.5
1029,684.0,2282.5
1030,685.0,2282.5
1031,685.0,2282.5
1032,685.0,2282.5
1033,685.0,2282.5
1034,685.0,2282.5
1035,685.0,2282.5
1036,685.0,2282.5
1037,685.0,2282.5
1038,685.0,2282.5
1039,685.0,2282.5
1040,685.0,2282.5
1041,684.0,2282.5
1042,684.0,2281.5
1043,685.0,2282.5
1044,685.0,2282.5
1045,685.0,2282.5
1046,684.0,2282.5
1047,685.0,2282.5
1048,685.0,2282.5
1049,685.0,2282.5
1050,685.0,2282.5
1051,685.0,2282.5
1052,684.0,2282.5
1053,684.0,2282.5
1054,685.0,2282.5
1055,685.0,2282.5
1056,685.0,2282.5
1057,684.0,2282.5
1058,685.0,2282.5
1059,685.0,2282.5
1060,685.0,2282.5
1061,685.0,2282.5
1062,685.0,2282.5
1063,685.0,2282.5
1064,685.0,2282.5
1065,685.0,2282.5
1066,685.0,2282.5
1067,685.0,2282.5
1068,685.0,2282.5
1069,685.0,2282.5
1070,685.0,2282.5
1071,685.0,2282.5
1072,685.0,2282.5
1073,685.0,2282.5
1074,685.0,2282.5
1075,685.0,2282.5
1076,685.0,2282.5
1077,685.0,2282.5
1078,685.0,2282.5
1079,685.0,2282.5
1080,685.0,2282.5
1081,685.0,2282.5
1082,685.0,2282.5
1083,685.0,2282.5
1084,685.0,2282.5
1085,684.0,2282.5
1086,685.0,2282.5
1087,685.0,2282.5
1088,685.0,2282.5
1089,685.0,2282.5
1090,684.0,2282.5
1091,685.0,2282.5
1092,685.0,2282.5
1093,685.0,2283.0
1094,685.0,2282.5
1095,685.0,2282.5
1096,684.0,2282.5
1097,685.0,2282.5
1098,685.0,2282.5
1099,684.0,2282.5
1100,685.0,2282.5
1101,685.0,2282.5
1102,684.0,2282.5
1103,685.0,2282.5
1104,686.0,2282.5
1105,685.0,2282.5
1106,685.0,2282.5
1107,685.0,2282.5
1108,685.0,2282.5
1109,685.0,2282.5
1110,685.0,2282.5
1111,685.0,2282.5
1112,685.0,2282.5
1113,686.0,2282.5
1114,685.0,2282.5
1115,685.0,2282.5
1116,685.0,2282.5
1117,685.0,2282.5
1118,686.0,2282.5
1119,686.0,2282.5
1120,685.0,2281.5
1121,685.0,2281.5
1122,685.0,2280.5
1123,685.0,2278.5
1124,685.0,2278.5
1125,685.0,2278.5
1126,685.0,2277.5
1127,686.0,2277.5
1128,686.0,2276.5
1129,685.0,2276.5
1130,685.0,2275.5
1131,685.0,2275.5
1132,685.0,2274.5
1133,685.0,2274.5
1134,686.0,2274.5
1135,686.0,2273.5
1136,686.0,2273.5
1137,686.0,2272.5
1138,686.0,2272.5
1139,685.0,2271.5
1140,686.0,2271.5
1141,685.0,2270.5
1142,685.0,2270.5
1143,685.0,2269.5
1144,686.0,2269.5
1145,686.0,2269.5
1146,686.0,2268.5
1147,686.0,2268.5
1148,686.0,2267.5
1149,686.0,2266.5
1150,686.0,2265.5
1151,685.0,2265.5
1152,685.0,2264.5
1153,686.0,2264.5
1154,685.0,2262.5
1155,686.0,2262.5
1156,686.0,2262.5
1157,686.0,2262.5
1158,686.0,2260.5
1159,686.0,2260.5
1160,686.0,2260.5
1161,686.0,2259.5
1162,686.0,2258.5
1163,686.0,2258.5
1164,686.0,2257.5
1165,686.0,2257.5
1166,686.0,2256.5
1167,686.0,2256.5
1168,686.0,2255.5
1169,686.0,2255.5
1170,686.0,2254.5
1171,686.0,2253.5
1172,686.0,2253.5
1173,686.0,2253.5
1174,686.0,2251.5
1175,686.0,2252.5
1176,686.0,2251.5
1177,686.0,2250.5
1178,686.0,2249.5
1179,686.0,2249.5
1180,686.0,2248.5
1181,687.0,2247.5
1182,686.0,2247.5
1183,686.0,2247.5
1184,686.0,2247.5
1185,686.0,2245.5
1186,687.0,2246.5
1187,687.0,2245.5
1188,687.0,2245.5
1189,687.0,2243.5
1190,687.0,2243.5
1191,687.0,2243.5
1192,687.0,2243.5
1193,688.0,2241.5
1194,689.0,2241.5
1195,688.0,2241.5
1196,688.0,2239.5
1197,688.0,2239.5
1198,688.0,2239.5
1199,688.0,2239.5
1200,688.0,2238.5
1201,688.0,2238.5
1202,688.0,2236.5
1203,688.0,2237.5
1204,688.0,2236.5
1205,688.0,2235.5
1206,689.0,2235.5
1207,689.0,2234.5
1208,689.0,2234.5
1209,689.0,2233.5
1210,689.0,2232.5
1211,689.0,2232.5
1212,689.0,2232.5
1213,689.0,2232.5
1214,689.0,2230.5
1215,688.0,2231.5
1216,688.0,2230.5
1217,688.0,2229.5
1218,688.0,2230.5
1219,688.0,2229.5
1220,688.0,2229.5
1221,689.0,2227.5
1222,688.0,2228.5
1223,688.0,2227.5
1224,688.0,2226.5
1225,688.0,2226.5
1226,688.0,2226.5
1227,689.0,2225.5
1228,688.0,2225.5
1229,688.0,2224.5
1230,688.0,2224.5
1231,688.0,2223.5
1232,688.0,2222.5
1233,688.0,2222.5
1234,688.0,2221.5
1235,688.0,2221.5
1236,688.0,2220.5
1237,688.0,2219.5
1238,689.0,2219.5
1239,688.0,2219.5
1240,688.0,2217.5
1241,689.0,2217.5
1242,688.0,2217.5
1243,688.0,2215.5
1244,688.0,2215.5
1245,688.0,2214.5
1246,688.0,2214.5
1247,689.0,2213.5
1248,689.0,2213.5
1249,689.0,2211.5
1250,689.0,2212.5
1251,689.0,2210.5
1252,689.0,2210.5
1253,689.0,2209.5
1254,690.0,2208.5
1255,690.0,2209.5
1256,690.0,2207.5
1257,690.0,2207.5
1258,689.0,2206.5
1259,689.0,2205.5
1260,690.0,2204.5
1261,690.0,2204.5
1262,690.0,2203.5
1263,690.0,2202.5
1264,690.0,2203.5
1265,689.0,2201.5
1266,690.0,2200.5
1267,690.0,2200.5
1268,690.0,2200.5
1269,691.0,2198.5
1270,690.0,2198.5
1271,690.0,2198.5
1272,691.0,2197.5
1273,691.0,2196.5
1274,691.0,2196.5
1275,691.0,2194.5
1276,691.0,2194.5
1277,690.0,2193.5
1278,690.0,2193.5
1279,690.0,2191.5
1280,691.0,2192.5
1281,691.0,2190.5
1282,691.0,2191.5
1283,691.0,2188.5
1284,691.0,2189.5
1285,691.0,2187.5
1286,690.0,2188.5
1287,691.0,2186.5
1288,691.0,2186.5
1289,691.0,2184.5
1290,691.0,2184.5
1291,691.0,2185.5
1292,692.0,2183.5
1293,692.0,2182.5
1294,691.0,2182.5
1295,691.0,2181.5
1296,691.0,2181.5
1297,691.0,2180.5
1298,691.0,2178.5
1299,691.0,2179.5
1300,691.0,2177.5
1301,691.0,2177.5
1302,691.0,2177.5
1303,691.0,2176.5
1304,691.0,2176.5
1305,692.0,2175.5
1306,692.0,2175.5
1307,692.0,2173.5
1308,692.0,2173.5
1309,691.0,2173.5
1310,691.0,2172.5
1311,691.0,2172.5
1312,691.0,2171.5
1313,692.0,2172.5
1314,692.0,2170.5
1315,691.0,2170.5
1316,691.0,2169.5
1317,691.0,2170.5
1318,691.0,2169.5
1319,691.0,2168.5
1320,691.0,2168.5
1321,691.0,2167.5
1322,691.0,2167.5
1323,691.0,2166.5
1324,691.0,2166.5
1325,691.0,2165.5
1326,691.0,2165.5
1327,692.0,2163.5
1328,692.0,2163.5
1329,691.0,2163.5
1330,692.0,2163.5
1331,692.0,2162.5
1332,692.0,2161.5
1333,692.0,2160.5
1334,692.0,2160.5
1335,692.0,2160.5
1336,692.0,2159.5
1337,692.0,2159.5
1338,692.0,2157.5
1339,692.0,2157.5
1340,692.0,2157.5
1341,692.0,2156.5
1342,692.0,2155.5
1343,692.0,2156.5
1344,692.0,2155.5
1345,693.0,2155.5
1346,693.0,2153.5
1347,693.0,2153.5
1348,692.0,2153.5
1349,692.0,2152.5
1350,692.0,2152.5
1351,693.0,2151.5
1352,693.0,2150.5
1353,693.0,2149.5
1354,692.0,2149.5
1355,692.0,2148.5
1356,692.0,2148.5
1357,692.0,2148.5
1358,692.0,2147.5
1359,692.0,2146.5
1360,692.0,2146.5
1361,692.0,2146.5
1362,692.0,2144.5
1363,692.0,2145.5
1364,692.0,2144.5
1365,692.0,2144.5
1366,692.0,2144.5
1367,692.0,2142.5
1368,692.0,2143.5
1369,692.0,2141.5
1370,692.0,2141.5
1371,692.0,2139.5
1372,693.0,2140.5
1373,693.0,2139.5
1374,692.0,2138.5
1375,693.0,2138.5
1376,693.0,2138.5
1377,693.0,2137.5
1378,693.0,2136.5
1379,693.0,2136.5
1380,693.0,2136.5
1381,693.0,2135.5
1382,693.0,2135.5
1383,693.0,2134.5
1384,693.0,2133.5
1385,693.0,2133.5
1386,693.0,2131.5
1387,693.0,2131.5
1388,693.0,2131.5
1389,693.0,2129.5
1390,693.0,2130.5
1391,693.0,2129.5
1392,693.0,2129.5
1393,693.0,2128.5
1394,693.0,2128.5
1395,693.0,2127.5
1396,693.0,2127.5
1397,693.0,2126.5
1398,693.0,2125.5
1399,693.0,2125.5
1400,694.0,2124.5
1401,693.0,2124.5
1402,694.0,2122.5
1403,694.0,2122.5
1404,694.0,2122.5
1405,694.0,2122.5
1406,693.0,2122.5
1407,693.0,2122.5
1408,693.0,2120.5
1409,693.0,2120.5
1410,693.0,2118.5
1411,693.0,2117.5
1412,693.0,2117.5
1413,693.0,2116.5
1414,693.0,2116.5
1415,693.0,2114.5
1416,692.0,2115.5
1417,693.0,2113.5
1418,693.0,2114.5
1419,693.0,2113.5
1420,693.0,2112.5
1421,693.0,2112.5
1422,693.0,2111.5
1423,693.0,2111.5
1424,693.0,2111.5
1425,694.0,2109.5
1426,693.0,2110.5
1427,694.0,2109.5
1428,694.0,2109.5
1429,694.0,2108.5
1430,694.0,2108.5
1431,694.0,2108.5
1432,694.0,2107.5
1433,694.0,2107.5
1434,694.0,2107.5
1435,694.0,2107.5
1436,693.0,2106.5
1437,694.0,2106.5
1438,694.0,2106.5
1439,694.0,2105.5
1440,694.0,2105.5
1441,694.0,2104.5
1442,694.0,2104.5
1443,694.0,2103.5
1444,694.0,2103.5
1445,694.0,2102.5
1446,693.0,2102.5
1447,693.0,2101.5
1448,693.0,2101.5
1449,693.0,2100.5
1450,693.0,2099.5
1451,693.0,2099.5
1452,694.0,2099.5
1453,694.0,2097.5
1454,693.0,2097.5
1455,693.0,2096.5
1456,693.0,2095.5
1457,693.0,2095.5
1458,693.0,2094.5
1459,693.0,2094.5
1460,693.0,2093.5
1461,693.0,2092.5
1462,693.0,2092.5
1463,693.0,2091.5
1464,694.0,2091.5
1465,694.0,2089.5
1466,694.0,2090.5
1467,693.0,2089.5
1468,693.0,2088.5
1469,694.0,2087.5
1470,693.0,2087.5
1471,693.0,2087.5
1472,693.0,2086.5
1473,694.0,2085.5
1474,694.0,2086.5
1475,694.0,2085.5
1476,693.0,2084.5
1477,693.0,2084.5
1478,693.0,2084.5
1479,693.0,2083.5
1480,693.0,2083.5
1481,694.0,2082.5
1482,694.0,2082.5
1483,694.0,2081.5
1484,694.0,2080.5
1485,694.0,2080.5
1486,693.0,2080.5
1487,693.0,2078.5
1488,693.0,2078.5
1489,694.0,2077.5
1490,694.0,2077.5
1491,694.0,2076.5
1492,694.0,2075.5
1493,694.0,2075.5
1494,694.0,2074.5
1495,694.0,2073.5
1496,694.0,2072.5
1497,693.0,2072.5
1498,693.0,2071.5
1499,693.0,2070.5
1500,693.0,2069.5
1501,693.0,2069.5
1502,694.0,2067.5
1503,694.0,2067.5
1504,694.0,2066.5
1505,693.0,2065.5
1506,693.0,2064.5
1507,693.0,2064.5
1508,693.0,2063.5
1509,693.0,2062.5
1510,693.0,2062.5
1511,693.0,2061.5
1512,694.0,2061.5
1513,694.0,2059.5
1514,694.0,2059.5
1515,694.0,2059.5
1516,694.0,2057.5
1517,693.0,2057.5
1518,693.0,2056.5
1519,693.0,2055.5
1520,693.0,2055.5
1521,693.0,2054.5
1522,693.0,2054.5
1523,693.0,2053.5
1524,693.0,2052.5
1525,693.0,2052.5
1526,693.0,2051.5
1527,693.0,2050.5
1528,693.0,2049.5
1529,694.0,2049.5
1530,694.0,2047.5
1531,694.0,2047.5
1532,694.0,2047.5
1533,694.0,2045.5
1534,694.0,2046.5
1535,694.0,2045.5
1536,694.0,2044.5
1537,694.0,2044.5
1538,694.0,2043.5
1539,693.0,2043.5
1540,693.0,2042.5
1541,694.0,2042.5
1542,694.0,2041.5
1543,694.0,2040.5
1544,694.0,2039.5
1545,694.0,2038.5
1546,693.0,2038.5
1547,694.0,2037.5
1548,694.0,2038.5
1549,694.0,2037.5
1550,693.0,2038.5
1551,693.0,2038.5
1552,694.0,2038.5
1553,694.0,2037.5
1554,694.0,2038.5
1555,694.0,2037.5
1556,694.0,2038.5
1557,694.0,2037.5
1558,694.0,2037.5
1559,694.0,2037.5
1560,694.0,2038.5
1561,694.0,2037.5
1562,694.0,2037.5
1563,694.0,2037.5
1564,694.0,2037.5
1565,694.0,2038.5
1566,694.0,2037.5
1567,694.0,2037.5
1568,694.0,2037.5
1569,694.0,2038.5
1570,694.0,2037.5
1571,694.0,2037.5
1572,694.0,2038.5
1573,694.0,2037.5
1574,694.0,2037.5
1575,694.0,2038.5
1576,694.0,2037.5
1577,694.0,2037.5
1578,694.0,2038.5
1579,694.0,2037.5
1580,694.0,2038.5
1581,694.0,2037.5
1582,694.0,2038.5
1583,693.0,2037.5
1584,694.0,2038.5
1585,694.0,2038.5
1586,694.0,2037.5
1587,694.0,2037.5
1588,694.0,2038.5
1589,694.0,2037.5
1590,694.0,2037.5
1591,694.0,2037.5
1592,694.0,2038.5
1593,694.0,2037.5
1594,694.0,2037.5
1595,694.0,2038.5
1596,694.0,2037.5
1597,694.0,2038.5
1598,694.0,2037.5
1599,694.0,2038.5
1600,693.0,2037.5
1601,694.0,2037.5
1602,694.0,2038.5
1603,694.0,2037.5
1604,694.0,2038.5
1605,694.0,2037.5
1606,694.0,2037.5
1607,694.0,2038.5
1608,694.0,2037.5
1609,694.0,2038.5
1610,694.0,2037.5
1611,694.0,2037.5
1612,694.0,2038.5
1613,694.0,2038.5
1614,694.0,2038.5
1615,694.0,2037.5
1616,694.0,2038.5
1617,694.0,2037.5
1618,694.0,2038.5
1619,694.0,2037.5
1620,694.0,2038.5
1621,694.0,2037.5
1622,694.0,2037.5
1623,694.0,2038.5
1624,694.0,2037.5
1625,694.0,2038.5
1626,694.0,2037.5
1627,694.0,2038.5
1628,694.0,2038.5
1629,694.0,2037.5
1630,694.0,2038.5
1631,694.0,2037.5
1632,694.0,2038.5
1633,694.0,2037.5
1634,694.0,2038.5
1635,694.0,2038.5
1636,694.0,2037.5
1637,694.0,2038.5
1638,694.0,2037.5
1639,694.0,2038.5
1640,694.0,2037.5
1641,694.0,2037.5
1642,694.0,2037.5
1643,694.0,2036.5
1644,694.0,2034.5
1645,694.0,2034.5
1646,694.0,2033.5
1647,694.0,2033.5
1648,694.0,2032.5
1649,695.0,2033.5
1650,695.0,2031.5
1651,695.0,2031.5
1652,694.0,2030.5
1653,694.0,2029.5
1654,694.0,2029.5
1655,694.0,2028.5
1656,693.0,2028.5
1657,694.0,2027.5
1658,694.0,2027.5
1659,694.0,2026.5
1660,694.0,2026.5
1661,694.0,2025.5
1662,694.0,2024.5
1663,694.0,2024.5
1664,694.0,2022.5
1665,694.0,2023.5
1666,694.0,2022.5
1667,694.0,2021.5
1668,694.0,2021.5
1669,694.0,2020.5
1670,695.0,2019.5
1671,694.0,2019.5
1672,695.0,2018.5
1673,694.0,2017.5
1674,694.0,2017.5
1675,694.0,2017.5
1676,694.0,2016.5
1677,694.0,2016.5
1678,694.0,2016.5
1679,694.0,2014.5
1680,694.0,2014.5
1681,694.0,2013.5
1682,694.0,2013.5
1683,694.0,2012.5
1684,694.0,2012.5
1685,694.0,2011.5
1686,694.0,2011.5
1687,694.0,2010.5
1688,694.0,2010.5
1689,694.0,2009.5
1690,694.0,2009.5
1691,693.0,2008.5
1692,694.0,2008.5
1693,694.0,2008.5
1694,694.0,2007.5
1695,694.0,2006.5
1696,694.0,2005.5
1697,694.0,2005.5
1698,694.0,2004.5
1699,694.0,2003.5
1700,694.0,2003.5
1701,694.0,2002.5
1702,694.0,2002.5
1703,694.0,2002.5
1704,694.0,2001.5
1705,694.0,2000.5
1706,694.0,2000.5
1707,694.0,2000.5
1708,694.0,1998.5
1709,694.0,1998.5
1710,694.0,1998.5
1711,693.0,1997.5
1712,694.0,1997.5
1713,694.0,1996.5
1714,694.0,1996.5
1715,694.0,1995.5
1716,694.0,1995.5
1717,694.0,1994.5
1718,694.0,1994.5
1719,694.0,1994.5
1720,693.0,1994.5
1721,693.0,1993.5
1722,693.0,1992.5
1723,694.0,1991.5
1724,694.0,1991.5
1725,694.0,1990.5
1726,693.0,1990.5
1727,693.0,1990.5
1728,693.0,1989.5
1729,693.0,1989.5
1730,693.0,1988.5
1731,693.0,1988.5
1732,694.0,1988.5
1733,693.0,1987.5
1734,693.0,1987.5
1735,693.0,1986.5
1736,693.0,1986.5
1737,693.0,1985.5
1738,693.0,1985.5
1739,693.0,1984.5
1740,693.0,1984.5
1741,693.0,1982.5
1742,693.0,1982.5
1743,693.0,1982.5
1744,693.0,1982.5
1745,693.0,1983.5
1746,693.0,1982.5
1747,693.0,1982.5
1748,693.0,1982.5
1749,693.0,1982.5
1750,693.0,1982.5
1751,693.0,1983.5
1752,693.0,1982.5
1753,693.0,1982.5
1754,693.0,1983.5
1755,693.0,1982.5
1756,694.0,1982.5
1757,693.0,1983.5
1758,693.0,1982.5
1759,693.0,1982.5
1760,693.0,1983.5
1761,693.0,1982.5
1762,693.0,1982.5
1763,693.0,1983.5
1764,693.0,1982.5
1765,693.0,1982.5
1766,693.0,1983.5
1767,693.0,1982.5
1768,693.0,1983.5
1769,693.0,1982.5
1770,693.0,1983.5
1771,693.0,1982.5
1772,693.0,1983.5
1773,694.0,1983.5
1774,693.0,1982.5
1775,693.0,1982.5
1776,693.0,1983.5
1777,694.0,1982.5
1778,693.0,1983.5
1779,693.0,1983.5
1780,693.0,1982.5
1781,693.0,1983.5
1782,693.0,1983.5
1783,693.0,1982.5
1784,693.0,1983.5
1785,693.0,1982.5
1786,693.0,1983.5
1787,693.0,1983.5
1788,693.0,1982.5
1789,693.0,1983.5
1790,693.0,1983.5
1791,693.0,1982.5
1792,693.0,1983.5
1793,693.0,1983.5
1794,693.0,1982.5
1795,693.0,1983.5
1796,693.0,1984.5
1797,693.0,1982.5
1798,693.0,1983.5
1799,694.0,1983.5
1800,693.0,1983.5
1801,693.0,1983.5
1802,693.0,1982.5
1803,693.0,1983.5
1804,693.0,1983.5
1805,693.0,1983.5
1806,693.0,1983.5
1807,693.0,1982.5
1808,693.0,1983.5
1809,693.0,1983.5
1810,693.0,1983.5
1811,693.0,1982.5
1812,693.0,1983.5
1813,693.0,1982.5
1814,693.0,1983.5
1815,694.0,1983.5
1816,693.0,1983.5
1817,693.0,1983.5
1818,694.0,1982.5
1819,693.0,1983.5
1820,693.0,1983.5
1821,693.0,1983.5
1822,693.0,1982.5
1823,693.0,1983.5
1824,693.0,1983.5
1825,693.0,1983.5
1826,693.0,1983.5
1827,693.0,1983.5
1828,693.0,1983.5
1829,693.0,1983.5
1830,693.0,1982.5
1831,693.0,1983.5
1832,693.0,1983.5
1833,694.0,1983.5
1834,694.0,1983.5
1835,694.0,1983.5
1836,694.0,1983.5
1837,693.0,1983.5
1838,693.0,1983.5
1839,693.0,1983.5
1840,693.0,1982.5
1841,693.0,1984.5
1842,693.0,1983.5
1843,693.0,1983.5
1844,694.0,1982.5
1845,693.0,1983.5
1846,693.0,1983.5
1847,693.0,1983.5
1848,693.0,1983.5
1849,693.0,1983.5
1850,693.0,1982.5
1851,693.0,1983.5
1852,693.0,1983.5
1853,693.0,1983.5
1854,693.0,1983.5
1855,693.0,1983.5
1856,693.0,1983.5
1857,694.0,1983.5
1858,693.0,1983.5
1859,693.0,1983.5
1860,693.0,1982.5
1861,694.0,1983.5
1862,694.0,1983.5
1863,694.0,1983.5
1864,693.0,1983.5
1865,693.0,1982.5
1866,693.0,1983.5
1867,694.0,1983.5
1868,694.0,1983.5
1869,694.0,1983.5
1870,693.0,1983.5
1871,693.0,1983.5
1872,693.0,1983.5
1873,694.0,1983.5
1874,694.0,1983.5
1875,694.0,1983.5
1876,694.0,1983.5
1877,694.0,1983.5
1878,694.0,1983.5
1879,694.0,1983.5
1880,693.0,1983.5
1881,693.0,1983.5
1882,693.0,1983.5
1883,693.0,1984.5
1884,693.0,1983.5
1885,693.0,1983.5
1886,693.0,1983.5
1887,693.0,1983.5
1888,693.0,1983.5
1889,694.0,1984.5
1890,694.0,1984.5
1891,693.0,1983.5
1892,693.0,1984.5
1893,693.0,1984.5
1894,693.0,1984.5
1895,693.0,1984.5
1896,693.0,1984.5
1897,693.0,1984.5
1898,693.0,1985.5
1899,694.0,1985.5
1900,694.0,1985.5
1901,693.0,1985.5
1902,693.0,1985.5
1903,693.0,1986.5
1904,693.0,1986.5
1905,693.0,1986.5
1906,693.0,1986.5
1907,693.0,1986.5
1908,693.0,1987.5
1909,694.0,1987.5
1910,693.0,1987.5
1911,693.0,1987.5
1912,693.0,1988.5
1913,693.0,1988.5
1914,693.0,1988.5
1915,693.0,1988.5
1916,693.0,1989.5
1917,693.0,1990.5
1918,693.0,1990.5
1919,694.0,1990.5
1920,694.0,1991.5
1921,694.0,1992.5
1922,694.0,1992.5
1923,694.0,1993.5
1924,694.0,1993.5
1925,694.0,1994.5
1926,694.0,1994.5
1927,694.0,1994.5
1928,694.0,1995.5
1929,694.0,1995.5
1930,694.0,1995.5
1931,694.0,1997.5
1932,695.0,1997.5
1933,695.0,1997.5
1934,694.0,1997.5
1935,694.0,1998.5
1936,694.0,1998.5
1937,695.0,1999.5
1938,695.0,1999.5
1939,695.0,1998.5
1940,695.0,2000.5
1941,695.0,1999.5
1942,695.0,2000.5
1943,694.0,2001.5
1944,694.0,2000.5
1945,694.0,2002.5
1946,694.0,2001.5
1947,694.0,2002.5
1948,695.0,2003.5
1949,694.0,2004.5
1950,694.0,2005.5
1951,694.0,2005.5
1952,694.0,2007.5
1953,694.0,2006.5
1954,694.0,2008.5
1955,694.0,2008.5
1956,694.0,2008.5
1957,694.0,2009.5
1958,694.0,2010.5
1959,694.0,2011.5
1960,695.0,2011.5
1961,694.0,2012.5
1962,694.0,2013.5
1963,694.0,2012.5
1964,694.0,2014.5
1965,694.0,2014.5
1966,694.0,2014.5
1967,694.0,2015.5
1968,694.0,2015.5
1969,694.0,2016.5
1970,694.0,2015.5
1971,693.0,2017.5
1972,694.0,2017.5
1973,694.0,2018.5
1974,694.0,2018.5
1975,694.0,2019.5
1976,694.0,2020.5
1977,694.0,2020.5
1978,694.0,2021.5
1979,694.0,2021.5
1980,694.0,2021.5
1981,694.0,2023.5
1982,694.0,2022.5
1983,694.0,2023.5
1984,694.0,2024.5
1985,694.0,2024.5
1986,694.0,2025.5
1987,695.0,2025.5
1988,694.0,2027.5
1989,694.0,2027.5
1990,694.0,2028.5
1991,694.0,2028.5
1992,694.0,2030.5
1993,694.0,2030.5
1994,695.0,2031.5
1995,695.0,2031.5
1996,694.0,2032.5
1997,694.0,2034.5
1998,695.0,2034.5
1999,695.0,2035.5
2000,695.0,2035.5
2001,694.0,2036.5
2002,695.0,2037.5
2003,695.0,2037.5
2004,695.0,2038.5
2005,695.0,2039.5
2006,695.0,2039.5
2007,695.0,2040.5
2008,695.0,2041.5
2009,695.0,2041.5
2010,694.0,2042.5
2011,694.0,2042.5
2012,694.0,2043.5
2013,694.0,2045.5
2014,694.0,2044.5
2015,694.0,2047.5
2016,695.0,2047.5
2017,695.0,2048.5
2018,695.0,2048.5
2019,694.0,2050.5
2020,695.0,2050.5
2021,694.0,2050.5
2022,694.0,2052.5
2023,694.0,2052.5
2024,694.0,2053.5
2025,694.0,2054.5
2026,694.0,2054.5
2027,694.0,2056.5
2028,694.0,2056.5
2029,694.0,2056.5
2030,694.0,2057.5
2031,694.0,2058.5
2032,694.0,2058.5
2033,694.0,2058.5
2034,694.0,2060.5
2035,694.0,2060.5
2036,695.0,2060.5
2037,694.0,2061.5
2038,694.0,2061.5
2039,694.0,2062.5
2040,694.0,2062.5
2041,695.0,2063.5
2042,694.0,2063.5
2043,694.0,2064.5
2044,694.0,2064.5
2045,694.0,2064.5
2046,694.0,2065.5
2047,694.0,2065.5
2048,694.0,2067.5
2049,695.0,2067.5
2050,695.0,2068.5
2051,694.0,2068.5
2052,695.0,2069.5
2053,695.0,2069.5
2054,695.0,2072.5
2055,694.0,2072.5
2056,695.0,2072.5
2057,695.0,2074.5
2058,695.0,2074.5
2059,694.0,2075.5
2060,694.0,2077.5
2061,694.0,2077.5
2062,694.0,2077.5
2063,695.0,2078.5
2064,695.0,2078.5
2065,695.0,2079.5
2066,695.0,2080.5
2067,695.0,2081.5
2068,695.0,2081.5
2069,695.0,2081.5
2070,695.0,2081.5
2071,695.0,2082.5
2072,695.0,2082.5
2073,695.0,2084.5
2074,694.0,2084.5
2075,695.0,2085.5
2076,695.0,2085.5
2077,695.0,2086.5
2078,695.0,2086.5
2079,695.0,2086.5
2080,695.0,2088.5
2081,695.0,2088.5
2082,695.0,2088.5
2083,695.0,2089.5
2084,695.0,2089.5
2085,695.0,2089.5
2086,695.0,2090.5
2087,694.0,2091.5
2088,694.0,2092.5
2089,694.0,2092.5
2090,695.0,2092.5
2091,694.0,2093.5
2092,694.0,2093.5
2093,694.0,2094.5
2094,695.0,2095.5
2095,694.0,2095.5
2096,694.0,2095.5
2097,694.0,2097.5
2098,694.0,2097.5
2099,694.0,2098.5
2100,694.0,2098.5
2101,694.0,2099.5
2102,695.0,2099.5
2103,695.0,2100.5
2104,695.0,2101.5
2105,694.0,2101.5
2106,694.0,2101.5
2107,694.0,2101.5
2108,694.0,2102.5
2109,695.0,2102.5
2110,694.0,2104.5
2111,694.0,2103.5
2112,694.0,2104.5
2113,694.0,2104.5
2114,695.0,2105.5
2115,695.0,2106.5
2116,694.0,2106.5
2117,694.0,2106.5
2118,694.0,2108.5
2119,694.0,2108.5
2120,694.0,2108.5
2121,694.0,2108.5
2122,694.0,2109.5
2123,695.0,2110.5
2124,695.0,2110.5
2125,695.0,2110.5
2126,695.0,2111.5
2127,695.0,2111.5
2128,695.0,2112.5
2129,695.0,2113.5
2130,695.0,2113.5
2131,694.0,2113.5
2132,695.0,2115.5
2133,694.0,2115.5
2134,694.0,2115.5
2135,695.0,2115.5
2136,695.0,2117.5
2137,695.0,2117.5
2138,695.0,2117.5
2139,694.0,2118.5
2140,695.0,2119.5
2141,694.0,2120.5
2142,694.0,2120.5
2143,694.0,2121.5
2144,694.0,2121.5
2145,694.0,2122.5
2146,694.0,2123.5
2147,694.0,2123.5
2148,694.0,2123.5
2149,694.0,2124.5
2150,694.0,2125.5
2151,694.0,2125.5
2152,694.0,2125.5
2153,694.0,2126.5
2154,694.0,2126.5
2155,694.0,2127.5
2156,694.0,2127.5
2157,694.0,2128.5
2158,694.0,2128.5
2159,694.0,2128.5
2160,694.0,2129.5
2161,694.0,2129.5
2162,695.0,2130.5
2163,694.0,2130.5
2164,694.0,2130.5
2165,694.0,2130.5
2166,694.0,2132.5
2167,694.0,2131.5
2168,694.0,2133.5
2169,694.0,2133.5
2170,694.0,2134.5
2171,694.0,2134.5
2172,694.0,2135.5
2173,694.0,2136.5
2174,694.0,2136.5
2175,694.0,2137.5
2176,694.0,2138.5
2177,694.0,2138.5
2178,694.0,2138.5
2179,694.0,2139.5
2180,694.0,2140.5
2181,694.0,2140.5
2182,695.0,2141.5
2183,694.0,2143.5
2184,694.0,2142.5
2185,694.0,2144.5
2186,694.0,2144.5
2187,694.0,2143.5
2188,694.0,2145.5
2189,694.0,2145.5
2190,694.0,2146.5
2191,694.0,2147.5
2192,694.0,2147.5
2193,694.0,2148.5
2194,693.0,2148.5
2195,693.0,2149.5
2196,693.0,2150.5
2197,693.0,2150.5
2198,693.0,2151.5
2199,693.0,2152.5
2200,693.0,2152.5
2201,693.0,2152.5
2202,693.0,2154.5
2203,694.0,2153.5
2204,694.0,2154.5
2205,694.0,2154.5
2206,693.0,2156.5
2207,693.0,2156.5
2208,693.0,2156.5
2209,694.0,2157.5
2210,693.0,2157.5
2211,693.0,2159.5
2212,693.0,2159.5
2213,693.0,2160.5
2214,693.0,2161.5
2215,694.0,2161.5
2216,694.0,2161.5
2217,694.0,2162.5
2218,694.0,2162.5
2219,694.0,2164.5
2220,694.0,2164.5
2221,694.0,2164.5
2222,694.0,2166.5
2223,693.0,2166.5
2224,693.0,2167.5
2225,693.0,2168.5
2226,693.0,2169.5
2227,693.0,2169.5
2228,693.0,2170.5
2229,693.0,2171.5
2230,693.0,2171.5
2231,694.0,2172.5
2232,692.0,2173.5
2233,693.0,2173.5
2234,693.0,2174.5
2235,693.0,2175.5
2236,693.0,2175.5
2237,693.0,2176.5
2238,693.0,2177.5
2239,693.0,2177.5
2240,694.0,2179.5
2241,694.0,2179.5
2242,694.0,2180.5
2243,693.0,2180.5
2244,693.0,2181.5
2245,693.0,2182.5
2246,693.0,2182.5
2247,693.0,2183.5
2248,693.0,2184.5
2249,693.0,2185.5
2250,693.0,2185.5
2251,693.0,2186.5
2252,692.0,2186.5
2253,693.0,2187.5
2254,693.0,2188.5
2255,693.0,2189.5
2256,693.0,2189.5
2257,693.0,2189.5
2258,693.0,2190.5
2259,692.0,2191.5
2260,692.0,2191.5
2261,692.0,2192.5
2262,693.0,2193.5
2263,692.0,2193.5
2264,692.0,2193.5
2265,692.0,2195.5
2266,692.0,2194.5
2267,692.0,2196.5
2268,692.0,2195.5
2269,693.0,2197.5
2270,692.0,2197.5
2271,693.0,2198.5
2272,693.0,2198.5
2273,693.0,2198.5
2274,692.0,2199.5
2275,693.0,2200.5
2276,693.0,2200.5
2277,693.0,2201.5
2278,693.0,2200.5
2279,692.0,2202.5
2280,692.0,2202.5
2281,692.0,2202.5
2282,692.0,2203.5
2283,692.0,2203.5
2284,692.0,2205.5
2285,691.0,2204.5
2286,691.0,2205.5
2287,691.0,2205.5
2288,691.0,2206.5
2289,691.0,2207.5
2290,691.0,2207.5
2291,691.0,2207.5
2292,691.0,2208.5
2293,691.0,2208.5
2294,691.0,2209.5
2295,690.0,2209.5
2296,690.0,2210.5
2297,690.0,2210.5
2298,690.0,2210.5
2299,690.0,2212.5
2300,690.0,2212.5
2301,690.0,2212.5
2302,689.0,2213.5
2303,690.0,2214.5
2304,690.0,2214.5
2305,690.0,2214.5
2306,691.0,2216.5
2307,691.0,2215.5
2308,691.0,2216.5
2309,691.0,2216.5
2310,690.0,2217.5
2311,690.0,2217.5
2312,690.0,2217.5
2313,690.0,2219.5
2314,690.0,2218.5
2315,690.0,2220.5
2316,691.0,2220.5
2317,691.0,2220.5
2318,691.0,2221.5
2319,690.0,2222.5
2320,691.0,2223.5
2321,691.0,2223.5
2322,691.0,2223.5
2323,691.0,2224.5
2324,691.0,2225.5
2325,690.0,2225.5
2326,691.0,2226.5
2327,691.0,2226.5
2328,691.0,2226.5
2329,691.0,2227.5
2330,691.0,2227.5
2331,691.0,2228.5
2332,691.0,2228.5
2333,691.0,2229.5
2334,691.0,2229.5
2335,691.0,2229.5
2336,691.0,2230.5
2337,690.0,2230.5
2338,690.0,2230.5
2339,690.0,2231.5
2340,689.0,2231.5
2341,690.0,2233.5
2342,690.0,2232.5
2343,690.0,2233.5
2344,689.0,2233.5
2345,690.0,2233.5
2346,690.0,2235.5
2347,690.0,2235.5
2348,689.0,2236.5
2349,689.0,2236.5
2350,690.0,2236.5
2351,691.0,2238.5
2352,690.0,2238.5
2353,690.0,2238.5
2354,690.0,2239.5
2355,690.0,2240.5
2356,691.0,2241.5
2357,690.0,2241.5
2358,690.0,2241.5
2359,689.0,2243.5
2360,689.0,2243.5
2361,689.0,2244.5
2362,689.0,2244.5
2363,689.0,2244.5
2364,689.0,2246.5
2365,690.0,2246.5
2366,689.0,2246.5
2367,689.0,2247.5
2368,690.0,2247.5
2369,689.0,2248.5
2370,690.0,2248.5
2371,690.0,2249.5
2372,690.0,2249.5
2373,690.0,2250.5
2374,690.0,2251.5
2375,689.0,2251.5
2376,689.0,2251.5
2377,689.0,2253.5
2378,689.0,2252.5
2379,689.0,2254.5
2380,689.0,2254.5
2381,688.0,2254.5
2382,688.0,2255.5
2383,689.0,2255.5
2384,689.0,2256.5
2385,688.0,2257.5
2386,688.0,2256.5
2387,688.0,2258.5
2388,688.0,2257.5
2389,688.0,2259.5
2390,687.0,2259.5
2391,687.0,2259.5
2392,687.0,2259.5
2393,687.0,2259.5
2394,687.0,2259.5
2395,687.0,2259.5
2396,687.0,2259.5
2397,687.0,2259.5
2398,687.0,2259.5
2399,687.0,2259.5
2400,687.0,2259.5
2401,687.0,2259.5
2402,687.0,2259.5
2403,688.0,2259.5
2404,688.0,2259.5
2405,688.0,2259.5
2406,687.0,2259.5
2407,688.0,2259.5
2408,688.0,2259.5
2409,688.0,2260.5
2410,688.0,2259.5
2411,688.0,2259.5
2412,688.0,2259.5
2413,688.0,2259.5
2414,688.0,2259.5
2415,687.0,2259.5
2416,687.0,2259.5
2417,687.0,2259.5
2418,687.0,2259.5
2419,687.0,2260.5
2420,687.0,2259.5
2421,687.0,2259.5
2422,688.0,2259.5
2423,688.0,2259.5
2424,687.0,2259.5
2425,687.0,2260.5
2426,687.0,2260.5
2427,687.0,2259.5
2428,687.0,2259.5
2429,687.0,2260.5
2430,687.0,2259.5
2431,687.0,2259.5
2432,687.0,2259.5
2433,687.0,2260.5
2434,687.0,2259.5
2435,688.0,2259.5
2436,688.0,2259.5
2437,688.0,2260.5
2438,687.0,2259.5
2439,687.0,2259.5
2440,687.0,2260.5
2441,687.0,2259.5
2442,688.0,2259.5
2443,688.0,2260.5
2444,688.0,2259.5
2445,688.0,2260.5
2446,688.0,2260.5
2447,688.0,2259.5
2448,688.0,2260.5
2449,687.0,2260.5
2450,687.0,2259.5
2451,687.0,2259.5
2452,687.0,2260.5
2453,687.0,2259.5
2454,688.0,2260.5
2455,688.0,2259.5
2456,687.0,2260.5
2457,687.0,2259.5
2458,688.0,2260.5
2459,687.0,2259.5
2460,687.0,2260.5
2461,687.0,2260.5
2462,687.0,2259.5
2463,687.0,2259.5
2464,687.0,2259.5
2465,687.0,2260.5
2466,687.0,2259.5
2467,687.0,2259.5
2468,687.0,2259.5
2469,687.0,2259.5
2470,687.0,2259.5
2471,687.0,2259.5
2472,687.0,2260.5
2473,687.0,2259.5
2474,687.0,2259.5
2475,688.0,2259.5
2476,688.0,2259.5
2477,687.0,2259.5
2478,687.0,2259.5
2479,687.0,2259.5
2480,688.0,2259.5
2481,688.0,2259.5
2482,687.0,2260.5
2483,687.0,2259.5
2484,688.0,2258.5
2485,687.0,2260.5
2486,687.0,2260.5
2487,687.0,2261.5
2488,687.0,2261.5
2489,687.0,2262.5
2490,688.0,2263.5
2491,688.0,2264.5
2492,688.0,2264.5
2493,688.0,2264.5
2494,688.0,2265.5
2495,688.0,2265.5
2496,687.0,2267.5
2497,688.0,2267.5
2498,688.0,2267.5
2499,688.0,2267.5
2500,688.0,2269.5
2501,688.0,2269.5
2502,688.0,2269.5
2503,688.0,2270.5
2504,688.0,2270.5
2505,688.0,2272.5
2506,687.0,2272.5
2507,687.0,2272.5
2508,687.0,2273.5
2509,687.0,2274.5
2510,687.0,2275.5
2511,688.0,2275.5
2512,688.0,2276.5
2513,688.0,2276.5
2514,688.0,2277.5
2515,687.0,2277.5
2516,687.0,2278.5
2517,687.0,2279.5
2518,687.0,2279.5
2519,687.0,2280.5
2520,687.0,2280.5
2521,687.0,2281.5
2522,687.0,2282.5
2523,687.0,2282.5
2524,687.0,2283.5
2525,686.0,2284.5
2526,686.0,2284.5
2527,686.0,2285.5
2528,686.0,2286.5
2529,686.0,2285.5
2530,686.0,2287.5
2531,686.0,2286.5
2532,686.0,2288.5
2533,686.0,2288.5
2534,686.0,2288.5
2535,686.0,2290.5
2536,687.0,2290.5
2537,687.0,2290.5
2538,687.0,2291.5
2539,687.0,2293.5
2540,687.0,2293.5
2541,687.0,2293.5
2542,687.0,2294.5
2543,686.0,2295.5
2544,686.0,2296.5
2545,687.0,2296.5
2546,686.0,2297.5
2547,686.0,2298.5
2548,686.0,2298.5
2549,686.0,2300.5
2550,686.0,2300.5
2551,686.0,2300.5
2552,685.0,2302.5
2553,685.0,2302.5
2554,685.0,2303.5
2555,685.0,2304.5
2556,685.0,2305.5
2557,685.0,2305.5
2558,685.0,2307.5
2559,685.0,2307.5
2560,684.0,2308.5
2561,685.0,2308.5
2562,685.0,2310.5
2563,685.0,2310.5
2564,684.0,2311.5
2565,684.0,2312.5
2566,684.0,2312.5
2567,685.0,2314.5
2568,685.0,2314.5
2569,685.0,2314.5
2570,685.0,2315.5
2571,686.0,2316.5
2572,686.0,2316.5
2573,687.0,2317.5
2574,686.0,2318.5
2575,686.0,2318.5
2576,687.0,2319.5
2577,687.0,2320.5
2578,687.0,2319.5
2579,687.0,2321.5
2580,687.0,2321.5
2581,688.0,2321.5
2582,688.0,2322.5
2583,688.0,2323.5
2584,688.0,2323.5
2585,688.0,2323.5
2586,688.0,2324.5
2587,688.0,2325.5
2588,687.0,2326.5
2589,687.0,2326.5
2590,687.0,2326.5
2591,686.0,2328.5
2592,686.0,2328.5
2593,685.0,2329.5
2594,685.0,2330.5
2595,685.0,2330.5
2596,685.0,2331.5
2597,685.0,2332.5
2598,685.0,2332.5
2599,685.0,2333.5
2600,684.0,2334.5
2601,684.0,2333.5
2602,684.0,2335.5
2603,684.0,2336.5
2604,684.0,2336.5
2605,684.0,2336.5
2606,684.0,2337.5
2607,683.0,2337.5
2608,683.0,2337.5
2609,683.0,2339.5
2610,683.0,2339.5
2611,683.0,2339.5
2612,683.0,2339.5
2613,683.0,2340.5
2614,683.0,2340.5
2615,684.0,2340.5
2616,684.0,2341.5
2617,683.0,2342.5
2618,684.0,2342.5
2619,683.0,2343.5
2620,683.0,2343.5
2621,684.0,2343.5
2622,684.0,2344.5
2623,685.0,2345.5
2624,684.0,2345.5
2625,684.0,2346.5
2626,684.0,2347.5
2627,684.0,2347.5
2628,684.0,2348.5
2629,684.0,2349.5
2630,684.0,2349.5
2631,684.0,2349.5
2632,684.0,2350.5
2633,684.0,2351.5
2634,684.0,2352.5
2635,684.0,2352.5
2636,684.0,2352.5
2637,684.0,2353.5
2638,684.0,2353.5
2639,684.0,2354.5
2640,684.0,2355.5
2641,683.0,2355.5
2642,683.0,2355.5
2643,683.0,2357.5
2644,683.0,2357.5
2645,683.0,2357.5
2646,683.0,2358.5
2647,683.0,2358.5
2648,683.0,2359.5
2649,683.0,2359.5
2650,683.0,2359.5
2651,683.0,2360.5
2652,683.0,2361.5
2653,682.0,2361.5
2654,682.0,2361.5
2655,682.0,2362.5
2656,682.0,2363.5
2657,683.0,2362.5
2658,683.0,2364.5
2659,683.0,2363.5
2660,683.0,2364.5
2661,682.0,2365.5
2662,682.0,2364.5
2663,682.0,2366.5
2664,682.0,2366.5
2665,682.0,2366.5
2666,683.0,2368.5
2667,683.0,2368.5
2668,683.0,2369.5
2669,683.0,2370.5
2670,683.0,2371.5
2671,683.0,2371.5
2672,683.0,2373.5
2673,683.0,2373.5
2674,683.0,2373.5
2675,683.0,2373.5
2676,683.0,2375.5
2677,683.0,2375.5
2678,683.0,2376.5
2679,683.0,2376.5
2680,683.0,2378.5
2681,683.0,2377.5
2682,683.0,2378.5
2683,683.0,2378.5
2684,684.0,2379.5
2685,684.0,2381.5
2686,684.0,2380.5
2687,683.0,2382.5
2688,683.0,2382.5
2689,684.0,2382.5
2690,684.0,2384.5
2691,684.0,2384.5
2692,684.0,2384.5
2693,684.0,2385.5
2694,684.0,2385.5
2695,684.0,2385.5
2696,684.0,2387.5
2697,684.0,2387.5
2698,684.0,2387.5
2699,684.0,2388.5
2700,684.0,2388.5
2701,683.0,2390.5
2702,684.0,2390.5
2703,683.0,2390.5
2704,683.0,2392.5
2705,683.0,2392.5
2706,683.0,2393.5
2707,683.0,2393.5
2708,683.0,2394.5
2709,683.0,2395.5
2710,683.0,2395.5
2711,683.0,2395.5
2712,683.0,2397.5
2713,683.0,2397.5
2714,683.0,2397.5
2715,683.0,2398.5
2716,683.0,2398.5
2717,682.0,2399.5
2718,682.0,2399.5
2719,682.0,2400.5
2720,682.0,2400.5
2721,681.0,2401.5
2722,681.0,2401.5
2723,681.0,2402.5
2724,681.0,2402.5
2725,681.0,2403.5
2726,681.0,2403.5
2727,681.0,2403.5
2728,681.0,2404.5
2729,681.0,2404.5
2730,682.0,2405.5
2731,681.0,2406.5
2732,681.0,2406.5
2733,681.0,2408.5
2734,681.0,2407.5
2735,682.0,2409.5
2736,681.0,2409.5
2737,681.0,2409.5
2738,681.0,2410.5
2739,682.0,2411.5
2740,683.0,2411.5
2741,682.0,2413.5
2742,682.0,2413.5
2743,683.0,2414.5
2744,683.0,2414.5
2745,683.0,2415.5
2746,683.0,2415.5
2747,683.0,2416.5
2748,683.0,2416.5
2749,683.0,2417.5
2750,683.0,2417.5
2751,682.0,2418.5
2752,683.0,2418.5
2753,683.0,2421.5
2754,683.0,2420.5
2755,683.0,2422.5
2756,683.0,2421.5
2757,683.0,2422.5
2758,683.0,2423.5
2759,683.0,2423.5
2760,683.0,2425.5
2761,683.0,2425.5
2762,683.0,2425.5
2763,683.0,2427.5
2764,682.0,2427.5
2765,682.0,2429.5
2766,682.0,2428.5
2767,683.0,2429.5
2768,683.0,2429.5
2769,682.0,2431.5
2770,682.0,2431.5
2771,682.0,2431.5
2772,682.0,2433.5
2773,683.0,2434.5
2774,683.0,2434.5
2775,683.0,2435.5
2776,682.0,2436.5
2777,683.0,2437.5
2778,683.0,2437.5
2779,683.0,2439.5
2780,683.0,2439.5
2781,682.0,2440.5
2782,683.0,2441.5
2783,683.0,2442.5
2784,683.0,2442.5
2785,683.0,2444.5
2786,683.0,2444.5
2787,682.0,2445.5
2788,682.0,2446.5
2789,682.0,2446.5
2790,682.0,2447.5
2791,683.0,2447.5
2792,683.0,2448.5
2793,682.0,2448.5
2794,682.0,2449.5
2795,682.0,2450.5
2796,682.0,2450.5
2797,682.0,2451.5
2798,682.0,2452.5
2799,683.0,2452.5
2800,683.0,2453.5
2801,682.0,2453.5
2802,682.0,2454.5
2803,682.0,2455.5
2804,682.0,2455.5
2805,682.0,2456.5
2806,682.0,2457.5
2807,682.0,2457.5
2808,681.0,2458.5
2809,681.0,2458.5
2810,681.0,2459.5
2811,681.0,2460.5
2812,680.0,2460.5
2813,680.0,2461.5
2814,680.0,2461.5
2815,680.0,2461.5
2816,680.0,2463.5
2817,680.0,2463.5
2818,680.0,2463.5
2819,680.0,2465.5
2820,681.0,2464.5
2821,681.0,2466.5
2822,681.0,2466.5
2823,681.0,2467.5
2824,680.0,2467.5
2825,680.0,2467.5
2826,680.0,2469.5
2827,680.0,2469.5
2828,681.0,2469.5
2829,680.0,2470.5
2830,681.0,2470.5
2831,681.0,2471.5
2832,681.0,2471.5
2833,681.0,2472.5
2834,681.0,2472.5
2835,680.0,2473.5
2836,680.0,2474.5
2837,680.0,2473.5
2838,680.0,2475.5
2839,680.0,2475.5
2840,680.0,2475.5
2841,681.0,2475.5
2842,681.0,2477.5
2843,681.0,2477.5
2844,682.0,2478.5
2845,681.0,2478.5
2846,681.0,2478.5
2847,682.0,2479.5
2848,681.0,2480.5
2849,681.0,2480.5
2850,681.0,2480.5
2851,681.0,2482.5
2852,681.0,2481.5
2853,681.0,2483.5
2854,681.0,2484.5
2855,681.0,2484.5
2856,681.0,2485.5
2857,681.0,2485.5
2858,681.0,2486.5
2859,681.0,2486.5
2860,681.0,2486.5
2861,681.0,2487.5
2862,680.0,2488.5
2863,681.0,2488.5
2864,681.0,2488.5
2865,681.0,2490.5
2866,681.0,2489.5
2867,680.0,2490.5
2868,680.0,2490.5
2869,680.0,2491.5
2870,680.0,2492.5
2871,679.0,2492.5
2872,680.0,2493.5
2873,680.0,2493.5
2874,680.0,2494.5
2875,680.0,2494.5
2876,680.0,2495.5
2877,680.0,2495.5
2878,680.0,2495.5
2879,680.0,2497.5
2880,680.0,2498.5
2881,680.0,2498.5
2882,680.0,2499.5
2883,680.0,2499.5
2884,680.0,2499.5
2885,680.0,2500.5
2886,680.0,2501.5
2887,680.0,2501.5
2888,680.0,2501.5
2889,680.0,2502.5
2890,680.0,2502.5
2891,680.0,2503.5
2892,680.0,2504.5
2893,680.0,2504.5
2894,679.0,2504.5
2895,679.0,2506.5
2896,679.0,2505.5
2897,679.0,2506.5
2898,679.0,2507.5
2899,679.0,2506.5
2900,679.0,2508.5
2901,680.0,2508.5
2902,680.0,2508.5
2903,680.0,2509.5
2904,680.0,2510.5
2905,680.0,2510.5
2906,680.0,2511.5
2907,679.0,2511.5
2908,680.0,2512.5
2909,680.0,2512.5
2910,680.0,2513.5
2911,679.0,2514.5
2912,680.0,2515.5
2913,680.0,2515.5
2914,680.0,2515.5
2915,680.0,2516.5
2916,679.0,2517.5
2917,679.0,2517.5
2918,679.0,2519.5
2919,680.0,2518.5
2920,679.0,2520.5
2921,679.0,2520.5
2922,680.0,2521.5
2923,680.0,2521.5
2924,680.0,2521.5
2925,679.0,2522.5
2926,679.0,2523.5
2927,679.0,2524.5
2928,679.0,2524.5
2929,679.0,2524.5
2930,679.0,2526.5
2931,679.0,2525.5
2932,679.0,2527.5
2933,679.0,2527.5
2934,679.0,2528.5
2935,679.0,2528.5
2936,679.0,2529.5
2937,679.0,2529.5
2938,679.0,2529.5
2939,679.0,2529.5
2940,679.0,2531.5
2941,679.0,2530.5
2942,679.0,2531.5
2943,679.0,2531.5
2944,679.0,2532.5
2945,679.0,2532.5
2946,679.0,2532.5
2947,679.0,2533.5
2948,679.0,2533.5
2949,680.0,2534.5
2950,680.0,2534.5
2951,679.0,2536.5
2952,679.0,2536.5
2953,680.0,2536.5
2954,679.0,2537.5
2955,679.0,2538.5
2956,678.0,2538.5
2957,678.0,2539.5
2958,678.0,2540.5
2959,679.0,2540.5
2960,679.0,2541.5
2961,678.0,2542.5
2962,680.0,2543.5
2963,679.0,2543.5
2964,679.0,2544.5
2965,679.0,2544.5
2966,679.0,2545.5
2967,679.0,2546.5
2968,679.0,2547.5
2969,679.0,2548.5
2970,679.0,2549.5
2971,679.0,2549.5
2972,679.0,2549.5
2973,679.0,2550.5
2974,679.0,2551.5
2975,679.0,2551.5
2976,678.0,2551.5
2977,678.0,2552.5
2978,679.0,2553.5
2979,679.0,2553.5
2980,679.0,2553.5
2981,678.0,2554.5
2982,678.0,2555.5
2983,678.0,2555.5
2984,678.0,2556.5
2985,679.0,2557.5
2986,679.0,2557.5
2987,679.0,2558.5
2988,678.0,2558.5
2989,678.0,2560.5
2990,678.0,2560.5
2991,678.0,2561.5
2992,678.0,2562.5
2993,679.0,2562.5
2994,679.0,2562.5
2995,679.0,2564.5
2996,679.0,2564.5
2997,680.0,2565.5
2998,679.0,2566.5
2999,679.0,2567.5
3000,679.0,2567.5
3001,678.0,2569.5
3002,678.0,2570.5
3003,678.0,2571.5
3004,678.0,2572.5
3005,678.0,2572.5
3006,678.0,2573.5
3007,678.0,2574.5
3008,678.0,2575.5
3009,678.0,2575.5
3010,678.0,2576.5
3011,677.0,2576.5
3012,677.0,2577.5
3013,677.0,2577.5
3014,677.0,2578.5
3015,677.0,2579.5
3016,677.0,2579.5
3017,677.0,2581.5
3018,677.0,2580.5
3019,677.0,2582.5
3020,677.0,2583.5
3021,677.0,2583.5
3022,677.0,2585.5
3023,677.0,2586.5
3024,677.0,2586.5
3025,677.0,2587.5
3026,677.0,2589.5
3027,676.0,2588.5
3028,677.0,2590.5
3029,677.0,2591.5
3030,677.0,2592.5
3031,677.0,2592.5
3032,677.0,2593.5
3033,677.0,2594.5
3034,677.0,2594.5
3035,677.0,2595.5
3036,676.0,2596.5
3037,676.0,2596.5
3038,676.0,2597.5
3039,676.0,2598.5
3040,676.0,2598.5
3041,676.0,2598.5
3042,677.0,2598.5
3043,676.0,2600.5
3044,676.0,2600.5
3045,676.0,2601.5
3046,676.0,2601.5
3047,676.0,2602.5
3048,677.0,2603.5
3049,677.0,2603.5
3050,676.0,2604.5
3051,676.0,2604.5
3052,676.0,2605.5
3053,676.0,2605.5
3054,676.0,2607.5
3055,676.0,2607.5
3056,676.0,2607.5
3057,676.0,2609.5
3058,676.0,2609.5
3059,677.0,2609.5
3060,676.0,2611.5
3061,676.0,2611.5
3062,676.0,2612.5
3063,676.0,2614.5
3064,676.0,2614.5
3065,677.0,2615.5
3066,677.0,2616.5
3067,677.0,2616.5
3068,677.0,2617.5
3069,677.0,2618.5
3070,677.0,2619.5
3071,676.0,2619.5
3072,676.0,2620.5
3073,676.0,2620.5
3074,676.0,2620.5
3075,676.0,2622.5
3076,676.0,2621.5
3077,676.0,2623.5
3078,676.0,2622.5
3079,676.0,2624.5
3080,676.0,2623.5
3081,675.0,2625.5
3082,675.0,2625.5
3083,676.0,2626.5
3084,675.0,2626.5
3085,675.0,2627.5
3086,674.0,2627.5
3087,675.0,2627.5
3088,675.0,2628.5
3089,674.0,2629.5
3090,674.0,2629.5
3091,674.0,2630.5
3092,674.0,2630.5
3093,674.0,2630.5
3094,674.0,2630.5
3095,674.0,2631.5
3096,674.0,2632.5
3097,674.0,2632.5
3098,675.0,2634.5
3099,674.0,2634.5
3100,674.0,2634.5
3101,675.0,2635.5
3102,675.0,2635.5
3103,675.0,2637.5
3104,674.0,2636.5
3105,674.0,2637.5
3106,674.0,2637.5
3107,674.0,2639.5
3108,675.0,2639.5
3109,674.0,2640.5
3110,674.0,2641.5
3111,674.0,2641.5
3112,674.0,2642.5
3113,674.0,2642.5
3114,674.0,2643.5
3115,675.0,2643.5
3116,674.0,2644.5
3117,674.0,2644.5
3118,674.0,2645.5
3119,675.0,2645.5
3120,675.0,2645.5
3121,675.0,2647.5
3122,675.0,2647.5
3123,675.0,2647.5
3124,674.0,2647.5
3125,674.0,2648.5
3126,674.0,2647.5
3127,674.0,2648.5
3128,674.0,2648.5
3129,674.0,2648.5
3130,674.0,2648.5
3131,675.0,2648.5
3132,674.0,2648.5
3133,674.0,2648.5
3134,674.0,2648.5
3135,674.0,2648.5
3136,674.0,2648.5
3137,674.0,2648.5
3138,674.0,2648.5
3139,675.0,2648.5
3140,675.0,2647.5
3141,675.0,2648.5
3142,675.0,2648.5
3143,674.0,2648.5
3144,674.0,2648.5
3145,674.0,2648.5
3146,674.0,2648.5
3147,675.0,2648.5
3148,675.0,2649.5
3149,675.0,2648.5
3150,675.0,2648.5
3151,675.0,2648.5
3152,675.0,2648.5
3153,675.0,2648.5
3154,675.0,2648.5
3155,675.0,2648.5
3156,675.0,2648.5
3157,675.0,2648.5
3158,675.0,2648.5
3159,675.0,2648.5
3160,675.0,2647.5
3161,674.0,2648.5
3162,674.0,2648.5
3163,674.0,2648.5
3164,674.0,2648.5
3165,675.0,2647.5
3166,674.0,2648.5
3167,674.0,2648.5
3168,674.0,2648.5
3169,674.0,2648.5
3170,674.0,2647.5
3171,674.0,2648.5
3172,674.0,2648.5
3173,675.0,2648.5
3174,675.0,2648.5
3175,674.0,2648.5
3176,674.0,2648.5
3177,674.0,2648.5
3178,675.0,2648.5
3179,675.0,2648.5
3180,674.0,2648.5
3181,674.0,2648.5
3182,674.0,2648.5
3183,674.0,2648.5
3184,674.0,2648.5
3185,674.0,2648.5
3186,674.0,2648.5
3187,674.0,2648.5
3188,675.0,2648.5
3189,674.0,2648.5
3190,674.0,2648.5
3191,674.0,2648.5
3192,675.0,2647.5
3193,675.0,2648.5
3194,674.0,2648.5
3195,674.0,2648.5
3196,674.0,2648.5
3197,674.0,2648.5
3198,675.0,2648.5
3199,674.0,2648.5
3200,674.0,2648.5
3201,674.0,2648.5
3202,675.0,2648.5
3203,674.0,2648.5
3204,674.0,2648.5
3205,674.0,2648.5
3206,675.0,2648.5
3207,675.0,2648.5
3208,674.0,2648.5
3209,674.0,2648.5
3210,674.0,2648.5
3211,674.0,2647.5
3212,674.0,2648.5
3213,674.0,2648.5
3214,674.0,2647.5
3215,674.0,2648.5
3216,674.0,2648.5
3217,674.0,2648.5
3218,674.0,2648.5
3219,674.0,2647.5
3220,674.0,2648.5
3221,674.0,2648.5
3222,674.0,2647.5
3223,674.0,2648.5
3224,674.0,2647.5
3225,674.0,2647.5
3226,674.0,2648.5
3227,675.0,2647.5
3228,675.0,2648.5
3229,675.0,2647.5
3230,675.0,2648.5
3231,675.0,2647.5
3232,675.0,2648.5
3233,674.0,2648.5
3234,674.0,2647.5
3235,675.0,2648.5
3236,675.0,2647.5
3237,675.0,2647.5
3238,675.0,2648.5
3239,675.0,2647.5
3240,675.0,2648.5
3241,675.0,2647.5
3242,675.0,2647.5
3243,675.0,2648.5
3244,675.0,2647.5
3245,675.0,2647.5
3246,675.0,2647.5
3247,675.0,2646.5
3248,674.0,2646.5
3249,675.0,2646.5
3250,675.0,2646.5
3251,675.0,2646.5
3252,675.0,2646.5
3253,674.0,2645.5
3254,675.0,2645.5
3255,675.0,2645.5
3256,675.0,2645.5
3257,675.0,2645.5
3258,675.0,2644.5
3259,675.0,2644.5
3260,674.0,2644.5
3261,674.0,2644.5
3262,675.0,2643.5
3263,675.0,2642.5
3264,675.0,2642.5
3265,674.0,2642.5
3266,675.0,2641.5
3267,675.0,2641.5
3268,675.0,2641.5
3269,675.0,2640.5
3270,675.0,2639.5
3271,675.0,2639.5
3272,675.0,2638.5
3273,675.0,2638.5
3274,675.0,2637.5
3275,675.0,2637.5
3276,675.0,2636.5
3277,675.0,2636.5
3278,675.0,2635.5
3279,675.0,2634.5
3280,675.0,2634.5
3281,675.0,2633.5
3282,675.0,2633.5
3283,675.0,2632.5
3284,676.0,2632.5
3285,676.0,2631.5
3286,676.0,2631.5
3287,676.0,2629.5
3288,676.0,2628.5
3289,676.0,2628.5
3290,676.0,2627.5
3291,676.0,2627.5
3292,677.0,2627.5
3293,676.0,2626.5
3294,676.0,2626.5
3295,676.0,2624.5
3296,676.0,2625.5
3297,676.0,2624.5
3298,676.0,2623.5
3299,677.0,2623.5
3300,677.0,2623.5
3301,677.0,2623.5
3302,677.0,2621.5
3303,677.0,2622.5
3304,677.0,2621.5
3305,677.0,2620.5
3306,677.0,2620.5
3307,677.0,2620.5
3308,677.0,2618.5
3309,677.0,2618.5
3310,677.0,2617.5
3311,677.0,2617.5
3312,677.0,2616.5
3313,676.0,2614.5
3314,676.0,2614.5
3315,676.0,2613.5
3316,676.0,2612.5
3317,677.0,2612.5
3318,677.0,2611.5
3319,677.0,2609.5
3320,676.0,2609.5
3321,677.0,2608.5
3322,677.0,2607.5
3323,676.0,2607.5
3324,677.0,2606.5
3325,677.0,2604.5
3326,677.0,2605.5
3327,677.0,2603.5
3328,677.0,2603.5
3329,677.0,2602.5
3330,677.0,2601.5
3331,677.0,2600.5
3332,677.0,2600.5
3333,677.0,2599.5
3334,677.0,2598.5
3335,677.0,2598.5
3336,678.0,2596.5
3337,677.0,2596.5
3338,677.0,2595.5
3339,677.0,2594.5
3340,677.0,2593.5
3341,677.0,2593.5
3342,677.0,2592.5
3343,677.0,2591.5
3344,676.0,2590.5
3345,677.0,2590.5
3346,677.0,2589.5
3347,677.0,2589.5
3348,677.0,2588.5
3349,677.0,2587.5
3350,677.0,2586.5
3351,677.0,2586.5
3352,677.0,2586.5
3353,677.0,2584.5
3354,677.0,2584.5
3355,678.0,2583.5
3356,678.0,2583.5
3357,678.0,2582.5
3358,678.0,2582.5
3359,678.0,2580.5
3360,678.0,2580.5
3361,678.0,2580.5
3362,678.0,2578.5
3363,678.0,2578.5
3364,678.0,2578.5
3365,678.0,2576.5
3366,678.0,2576.5
3367,677.0,2576.5
3368,678.0,2575.5
3369,678.0,2574.5
3370,678.0,2574.5
3371,678.0,2573.5
3372,678.0,2573.5
3373,678.0,2572.5
3374,678.0,2571.5
3375,678.0,2571.5
3376,679.0,2569.5
3377,679.0,2569.5
3378,678.0,2569.5
3379,678.0,2569.5
3380,678.0,2568.5
3381,678.0,2568.5
3382,678.0,2567.5
3383,679.0,2566.5
3384,679.0,2566.5
3385,678.0,2565.5
3386,678.0,2565.5
3387,678.0,2564.5
3388,677.0,2563.5
3389,678.0,2563.5
3390,678.0,2562.5
3391,678.0,2562.5
3392,678.0,2561.5
3393,678.0,2560.5
3394,678.0,2560.5
3395,678.0,2558.5
3396,678.0,2558.5
3397,678.0,2558.5
3398,678.0,2557.5
3399,679.0,2557.5
3400,678.0,2555.5
3401,678.0,2555.5
3402,679.0,2554.5
3403,678.0,2553.5
3404,678.0,2553.5
3405,678.0,2553.5
3406,678.0,2552.5
3407,678.0,2552.5
3408,679.0,2550.5
3409,679.0,2551.5
3410,679.0,2550.5
3411,679.0,2549.5
3412,679.0,2549.5
3413,680.0,2548.5
3414,679.0,2548.5
3415,679.0,2547.5
3416,679.0,2546.5
3417,679.0,2546.5
3418,679.0,2546.5
3419,679.0,2545.5
3420,679.0,2545.5
3421,678.0,2544.5
3422,678.0,2544.5
3423,679.0,2543.5
3424,679.0,2542.5
3425,679.0,2541.5
3426,679.0,2541.5
3427,679.0,2540.5
3428,679.0,2539.5
3429,679.0,2539.5
3430,679.0,2539.5
3431,679.0,2537.5
3432,679.0,2537.5
3433,679.0,2537.5
3434,679.0,2536.5
3435,678.0,2536.5
3436,679.0,2535.5
3437,680.0,2535.5
3438,679.0,2534.5
3439,679.0,2533.5
3440,679.0,2533.5
3441,678.0,2532.5
3442,678.0,2531.5
3443,678.0,2531.5
3444,678.0,2530.5
3445,678.0,2530.5
3446,678.0,2529.5
3447,679.0,2528.5
3448,679.0,2528.5
3449,679.0,2528.5
3450,678.0,2528.5
3451,678.0,2527.5
3452,678.0,2526.5
3453,678.0,2526.5
3454,679.0,2525.5
3455,680.0,2524.5
3456,679.0,2524.5
3457,679.0,2523.5
3458,679.0,2523.5
3459,680.0,2522.5
3460,680.0,2522.5
3461,679.0,2522.5
3462,679.0,2521.5
3463,680.0,2521.5
3464,680.0,2519.5
3465,679.0,2520.5
3466,679.0,2518.5
3467,679.0,2518.5
3468,679.0,2517.5
3469,680.0,2517.5
3470,680.0,2517.5
3471,680.0,2515.5
3472,680.0,2515.5
3473,680.0,2515.5
3474,679.0,2513.5
3475,679.0,2513.5
3476,679.0,2512.5
3477,679.0,2512.5
3478,680.0,2510.5
3479,679.0,2510.5
3480,679.0,2509.5
3481,679.0,2509.5
3482,680.0,2507.5
3483,679.0,2508.5
3484,680.0,2507.5
3485,680.0,2506.5
3486,680.0,2506.5
3487,680.0,2506.5
3488,680.0,2505.5
3489,681.0,2505.5
3490,681.0,2505.5
3491,680.0,2504.5
3492,680.0,2503.5
3493,680.0,2503.5
3494,681.0,2502.5
3495,680.0,2502.5
3496,680.0,2502.5
3497,680.0,2501.5
3498,680.0,2501.5
3499,681.0,2500.5
3500,680.0,2499.5
3501,680.0,2499.5
3502,679.0,2498.5
3503,679.0,2498.5
3504,679.0,2497.5
3505,679.0,2496.5
3506,680.0,2495.5
3507,680.0,2495.5
3508,680.0,2494.5
3509,680.0,2494.5
3510,680.0,2493.5
3511,680.0,2492.5
3512,680.0,2492.5
3513,680.0,2492.5
3514,680.0,2491.5
3515,680.0,2490.5
3516,680.0,2489.5
3517,680.0,2489.5
3518,680.0,2487.5
3519,679.0,2487.5
3520,679.0,2487.5
3521,680.0,2485.5
3522,680.0,2485.5
3523,680.0,2485.5
3524,680.0,2483.5
3525,680.0,2484.5
3526,680.0,2482.5
3527,680.0,2483.5
3528,680.0,2482.5
3529,680.0,2481.5
3530,680.0,2481.5
3531,680.0,2480.5
3532,680.0,2479.5
3533,679.0,2479.5
3534,680.0,2478.5
3535,680.0,2477.5
3536,680.0,2477.5
3537,680.0,2476.5
3538,680.0,2475.5
3539,680.0,2475.5
3540,680.0,2473.5
3541,679.0,2473.5
3542,679.0,2473.5
3543,679.0,2471.5
3544,679.0,2471.5
3545,679.0,2470.5
3546,679.0,2469.5
3547,679.0,2468.5
3548,679.0,2468.5
3549,679.0,2467.5
3550,679.0,2466.5
3551,679.0,2465.5
3552,679.0,2465.5
3553,679.0,2464.5
3554,680.0,2463.5
3555,680.0,2462.5
3556,680.0,2462.5
3557,680.0,2461.5
3558,680.0,2460.5
3559,680.0,2460.5
3560,680.0,2458.5
3561,680.0,2458.5
3562,680.0,2457.5
3563,680.0,2456.5
3564,680.0,2456.5
3565,680.0,2455.5
3566,680.0,2454.5
3567,680.0,2454.5
3568,680.0,2452.5
3569,680.0,2453.5
3570,680.0,2451.5
3571,679.0,2450.5
3572,679.0,2449.5
3573,679.0,2449.5
3574,679.0,2447.5
3575,679.0,2447.5
3576,679.0,2447.5
3577,680.0,2446.5
3578,680.0,2445.5
3579,680.0,2446.5
3580,680.0,2444.5
3581,680.0,2444.5
3582,680.0,2443.5
3583,680.0,2442.5
3584,680.0,2441.5
3585,679.0,2441.5
3586,680.0,2440.5
3587,680.0,2440.5
3588,680.0,2439.5
3589,679.0,2438.5
3590,679.0,2437.5
3591,680.0,2437.5
3592,680.0,2436.5
3593,680.0,2435.5
3594,680.0,2434.5
3595,680.0,2434.5
3596,680.0,2433.5
3597,680.0,2432.5
3598,680.0,2431.5
3599,680.0,2430.5
3600,680.0,2430.5
3601,680.0,2430.5
3602,680.0,2429.5
3603,681.0,2429.5
3604,680.0,2428.5
3605,680.0,2427.5
3606,681.0,2427.5
3607,681.0,2426.5
3608,681.0,2426.5
3609,680.0,2426.5
3610,680.0,2424.5
3611,680.0,2425.5
3612,680.0,2424.5
3613,680.0,2423.5
3614,679.0,2423.5
3615,680.0,2422.5
3616,680.0,2420.5
3617,680.0,2421.5
3618,680.0,2419.5
3619,680.0,2419.5
3620,680.0,2419.5
3621,680.0,2418.5
3622,680.0,2417.5
3623,679.0,2416.5
3624,679.0,2416.5
3625,679.0,2415.5
3626,679.0,2415.5
3627,679.0,2414.5
3628,679.0,2414.5
3629,679.0,2413.5
3630,679.0,2413.5
3631,680.0,2412.5
3632,680.0,2411.5
3633,680.0,2411.5
3634,680.0,2411.5
3635,681.0,2410.5
3636,680.0,2409.5
3637,679.0,2409.5
3638,679.0,2408.5
3639,679.0,2408.5
3640,680.0,2407.5
3641,679.0,2407.5
3642,678.0,2406.5
3643,678.0,2406.5
3644,678.0,2405.5
3645,678.0,2404.5
3646,678.0,2404.5
3647,678.0,2404.5
3648,678.0,2403.5
3649,678.0,2403.5
3650,678.0,2401.5
3651,678.0,2402.5
3652,678.0,2401.5
3653,677.0,2400.5
3654,678.0,2400.5
3655,679.0,2400.5
3656,679.0,2398.5
3657,679.0,2399.5
3658,680.0,2398.5
3659,680.0,2397.5
3660,680.0,2397.5
3661,680.0,2396.5
3662,680.0,2396.5
3663,680.0,2395.5
3664,680.0,2395.5
3665,680.0,2394.5
3666,680.0,2394.5
3667,680.0,2393.5
3668,681.0,2393.5
3669,681.0,2392.5
3670,681.0,2392.5
3671,682.0,2391.5
3672,682.0,2391.5
3673,681.0,2389.5
3674,682.0,2389.5
3675,682.0,2390.5
3676,682.0,2388.5
3677,682.0,2387.5
3678,682.0,2387.5
3679,682.0,2387.5
3680,682.0,2385.5
3681,682.0,2385.5
3682,682.0,2384.5
3683,682.0,2385.5
3684,682.0,2383.5
3685,682.0,2382.5
3686,682.0,2382.5
3687,682.0,2382.5
3688,682.0,2382.5
3689,682.0,2380.5
3690,682.0,2379.5
3691,682.0,2380.5
3692,681.0,2379.5
3693,681.0,2378.5
3694,681.0,2377.5
3695,681.0,2377.5
3696,681.0,2376.5
3697,681.0,2376.5
3698,681.0,2375.5
3699,681.0,2374.5
3700,681.0,2374.5
3701,681.0,2373.5
3702,681.0,2372.5
3703,681.0,2372.5
3704,681.0,2372.5
3705,681.0,2371.5
3706,681.0,2370.5
3707,681.0,2370.5
3708,681.0,2370.5
3709,681.0,2369.5
3710,681.0,2368.5
3711,681.0,2368.5
3712,681.0,2368.5
3713,681.0,2367.5
3714,681.0,2366.5
3715,681.0,2366.5
3716,680.0,2365.5
3717,680.0,2365.5
3718,680.0,2363.5
3719,680.0,2364.5
3720,680.0,2362.5
3721,680.0,2362.5
3722,681.0,2362.5
3723,680.0,2362.5
3724,680.0,2361.5
3725,680.0,2361.5
3726,680.0,2360.5
3727,681.0,2359.5
3728,681.0,2359.5
3729,681.0,2359.5
3730,681.0,2358.5
3731,681.0,2358.5
3732,681.0,2357.5
3733,681.0,2357.5
3734,680.0,2357.5
3735,680.0,2356.5
3736,681.0,2356.5
3737,681.0,2355.5
3738,681.0,2355.5
3739,681.0,2355.5
3740,681.0,2355.5
3741,681.0,2353.5
3742,681.0,2354.5
3743,682.0,2352.5
3744,682.0,2352.5
3745,682.0,2352.5
3746,682.0,2350.5
3747,682.0,2350.5
3748,682.0,2349.5
3749,682.0,2349.5
3750,682.0,2347.5
3751,682.0,2347.5
3752,682.0,2347.5
3753,682.0,2346.5
3754,682.0,2345.5
3755,681.0,2345.5
3756,681.0,2344.5
3757,681.0,2344.5
3758,681.0,2343.5
3759,681.0,2342.5
3760,681.0,2341.5
3761,680.0,2341.5
3762,681.0,2340.5
3763,681.0,2338.5
3764,681.0,2338.5
3765,681.0,2337.5
3766,681.0,2337.5
3767,682.0,2336.5
3768,682.0,2335.5
3769,682.0,2335.5
3770,682.0,2334.5
3771,682.0,2333.5
3772,681.0,2333.5
3773,682.0,2332.5
3774,682.0,2331.5
3775,683.0,2330.5
3776,683.0,2330.5
3777,683.0,2329.5
3778,683.0,2329.5
3779,683.0,2327.5
3780,684.0,2327.5
3781,685.0,2326.5
3782,685.0,2324.5
3783,685.0,2324.5
3784,685.0,2323.5
3785,685.0,2322.5
3786,686.0,2322.5
3787,686.0,2320.5
3788,685.0,2320.5
3789,685.0,2318.5
3790,685.0,2318.5
3791,685.0,2317.5
3792,684.0,2316.5
3793,683.0,2316.5
3794,683.0,2315.5
3795,683.0,2314.5
3796,683.0,2314.5
3797,684.0,2314.5
3798,684.0,2312.5
3799,683.0,2312.5
3800,683.0,2312.5
3801,683.0,2311.5
3802,684.0,2310.5
3803,684.0,2310.5
3804,684.0,2309.5
3805,684.0,2308.5
3806,685.0,2309.5
3807,685.0,2307.5
3808,684.0,2307.5
3809,685.0,2306.5
3810,685.0,2306.5
3811,685.0,2306.5
3812,685.0,2304.5
3813,685.0,2304.5
3814,685.0,2302.5
3815,685.0,2302.5
3816,685.0,2302.5
3817,685.0,2301.5
3818,685.0,2300.5
3819,685.0,2300.5
3820,685.0,2299.5
3821,685.0,2299.5
3822,684.0,2298.5
3823,685.0,2298.5
3824,685.0,2297.5
3825,685.0,2296.5
3826,686.0,2296.5
3827,686.0,2294.5
3828,686.0,2295.5
3829,686.0,2294.5
3830,686.0,2293.5
3831,686.0,2293.5
3832,686.0,2292.5
3833,685.0,2292.5
3834,685.0,2291.5
3835,685.0,2291.5
3836,686.0,2290.5
3837,686.0,2290.5
3838,686.0,2289.5
3839,686.0,2288.5
3840,686.0,2288.5
3841,686.0,2288.5
3842,686.0,2287.5
3843,686.0,2286.5
3844,686.0,2286.5
3845,686.0,2285.5
3846,686.0,2285.5
3847,686.0,2285.5
3848,686.0,2283.5
3849,686.0,2284.5
3850,686.0,2283.5
3851,686.0,2282.5
3852,686.0,2282.5
3853,686.0,2281.5
3854,686.0,2281.5
3855,686.0,2281.5
3856,686.0,2280.5
3857,686.0,2279.5
3858,686.0,2278.5
3859,687.0,2278.5
3860,686.0,2277.5
3861,686.0,2277.5
3862,686.0,2276.5
3863,686.0,2276.5
3864,686.0,2275.5
3865,687.0,2275.5
3866,687.0,2273.5
3867,687.0,2274.5
3868,687.0,2272.5
3869,687.0,2273.5
3870,686.0,2271.5
3871,687.0,2272.5
3872,686.0,2271.5
3873,686.0,2271.5
3874,686.0,2270.5
3875,686.0,2270.5
3876,686.0,2270.5
3877,686.0,2269.5
3878,686.0,2268.5
3879,687.0,2268.5
3880,687.0,2267.5
3881,687.0,2267.5
3882,686.0,2266.5
3883,687.0,2266.5
3884,687.0,2265.5
3885,687.0,2265.5
3886,686.0,2264.5
3887,687.0,2264.5
3888,688.0,2263.5
3889,687.0,2263.5
3890,688.0,2262.5
3891,688.0,2261.5
3892,687.0,2261.5
3893,687.0,2261.5
3894,687.0,2260.5
3895,687.0,2260.5
3896,687.0,2259.5
3897,687.0,2259.5
3898,687.0,2258.5
3899,687.0,2257.5
3900,688.0,2256.5
3901,688.0,2257.5
3902,687.0,2255.5
3903,687.0,2255.5
3904,687.0,2255.5
3905,687.0,2254.5
3906,687.0,2254.5
3907,687.0,2253.5
3908,687.0,2252.5
3909,688.0,2252.5
3910,687.0,2252.5
3911,687.0,2250.5
3912,687.0,2250.5
3913,687.0,2250.5
3914,687.0,2249.5
3915,687.0,2249.5
3916,687.0,2248.5
3917,687.0,2248.5
3918,687.0,2248.5
3919,687.0,2247.5
3920,687.0,2247.5
3921,687.0,2246.5
3922,687.0,2246.5
3923,688.0,2245.5
3924,687.0,2245.5
3925,687.0,2244.5
3926,687.0,2244.5
3927,688.0,2243.5
3928,688.0,2243.5
3929,688.0,2243.5
3930,688.0,2241.5
3931,688.0,2241.5
3932,688.0,2240.5
3933,688.0,2240.5
3934,688.0,2239.5
3935,689.0,2238.5
3936,689.0,2237.5
3937,688.0,2237.5
3938,688.0,2237.5
3939,689.0,2236.5
3940,689.0,2235.5
3941,689.0,2234.5
3942,689.0,2234.5
3943,689.0,2234.5
3944,689.0,2232.5
3945,689.0,2232.5
3946,689.0,2232.5
3947,689.0,2231.5
3948,689.0,2230.5
3949,689.0,2230.5
3950,689.0,2230.5
3951,689.0,2230.5
3952,689.0,2229.5
3953,690.0,2228.5
3954,689.0,2228.5
3955,689.0,2228.5
3956,690.0,2227.5
3957,690.0,2226.5
3958,689.0,2226.5
3959,689.0,2226.5
3960,689.0,2225.5
3961,689.0,2225.5
3962,689.0,2224.5
3963,689.0,2224.5
3964,689.0,2224.5
3965,689.0,2223.5
3966,689.0,2222.5
3967,689.0,2222.5
3968,689.0,2222.5
3969,689.0,2222.5
3970,689.0,2220.5
3971,689.0,2220.5
3972,689.0,2219.5
3973,689.0,2218.5
3974,689.0,2218.5
3975,689.0,2217.5
3976,689.0,2217.5
3977,689.0,2217.5
3978,689.0,2215.5
3979,689.0,2215.5
3980,689.0,2215.5
3981,689.0,2214.5
3982,689.0,2213.5
3983,689.0,2212.5
3984,689.0,2212.5
3985,689.0,2212.5
3986,689.0,2210.5
3987,689.0,2211.5
3988,689.0,2209.5
3989,689.0,2209.5
3990,689.0,2208.5
3991,689.0,2208.5
3992,690.0,2206.5
3993,690.0,2206.5
3994,690.0,2206.5
3995,689.0,2204.5
3996,689.0,2204.5
3997,689.0,2203.5
3998,689.0,2202.5
3999,689.0,2202.5
4000,689.0,2201.5
4001,690.0,2200.5
4002,690.0,2200.5
4003,690.0,2200.5
4004,690.0,2198.5
4005,690.0,2198.5
4006,690.0,2197.5
4007,691.0,2196.5
4008,692.0,2195.5
4009,691.0,2195.5
4010,691.0,2194.5
4011,691.0,2194.5
4012,691.0,2193.5
4013,691.0,2192.5
4014,691.0,2192.5
4015,691.0,2191.5
4016,691.0,2190.5
4017,691.0,2190.5
4018,691.0,2189.5
4019,690.0,2188.5
4020,691.0,2188.5
4021,691.0,2187.5
4022,691.0,2186.5
4023,691.0,2185.5
4024,691.0,2185.5
4025,691.0,2185.5
4026,691.0,2183.5
4027,692.0,2182.5
4028,691.0,2182.5
4029,691.0,2182.5
4030,692.0,2180.5
4031,692.0,2181.5
4032,692.0,2179.5
4033,692.0,2179.5
4034,692.0,2178.5
4035,692.0,2178.5
4036,692.0,2177.5
4037,692.0,2176.5
4038,692.0,2175.5
4039,692.0,2175.5
4040,692.0,2174.5
4041,692.0,2173.5
4042,691.0,2172.5
4043,692.0,2171.5
4044,692.0,2171.5
4045,692.0,2171.5
4046,692.0,2169.5
4047,692.0,2169.5
4048,692.0,2169.5
4049,692.0,2168.5
4050,692.0,2167.5
4051,692.0,2167.5
4052,691.0,2167.5
4053,691.0,2165.5
4054,692.0,2165.5
4055,692.0,2165.5
4056,692.0,2164.5
4057,692.0,2164.5
4058,692.0,2164.5
4059,692.0,2162.5
4060,692.0,2162.5
4061,692.0,2162.5
4062,692.0,2161.5
4063,692.0,2161.5
4064,691.0,2161.5
4065,692.0,2160.5
4066,692.0,2159.5
4067,692.0,2159.5
4068,692.0,2158.5
4069,692.0,2158.5
4070,692.0,2157.5
4071,692.0,2157.5
4072,693.0,2156.5
4073,692.0,2155.5
4074,692.0,2155.5
4075,692.0,2155.5
4076,692.0,2154.5
4077,692.0,2153.5
4078,693.0,2153.5
4079,693.0,2151.5
4080,693.0,2151.5
4081,693.0,2151.5
4082,693.0,2150.5
4083,694.0,2150.5
4084,694.0,2149.5
4085,694.0,2149.5
4086,693.0,2147.5
4087,694.0,2148.5
4088,694.0,2147.5
4089,694.0,2147.5
4090,694.0,2146.5
4091,694.0,2146.5
4092,694.0,2145.5
4093,694.0,2144.5
4094,693.0,2144.5
4095,693.0,2143.5
4096,693.0,2142.5
4097,693.0,2142.5
4098,692.0,2142.5
4099,692.0,2141.5
4100,692.0,2140.5
4101,693.0,2140.5
4102,693.0,2139.5
4103,693.0,2139.5
4104,693.0,2139.5
4105,693.0,2138.5
4106,693.0,2138.5
4107,693.0,2137.5
4108,693.0,2136.5
4109,693.0,2136.5
4110,693.0,2135.5
4111,693.0,2134.5
4112,693.0,2134.5
4113,693.0,2133.5
4114,693.0,2133.5
4115,693.0,2133.5
4116,693.0,2132.5
4117,694.0,2132.5
4118,694.0,2131.5
4119,694.0,2130.5
4120,693.0,2131.5
4121,693.0,2130.5
4122,694.0,2128.5
4123,694.0,2129.5
4124,694.0,2128.5
4125,694.0,2128.5
4126,694.0,2126.5
4127,694.0,2127.5
4128,694.0,2125.5
4129,693.0,2125.5
4130,694.0,2124.5
4131,694.0,2123.5
4132,694.0,2123.5
4133,693.0,2123.5
4134,693.0,2122.5
4135,694.0,2121.5
4136,694.0,2121.5
4137,694.0,2121.5
4138,694.0,2119.5
4139,694.0,2119.5
4140,694.0,2119.5
4141,694.0,2118.5
4142,694.0,2117.5
4143,694.0,2118.5
4144,694.0,2116.5
4145,694.0,2117.5
4146,694.0,2116.5
4147,694.0,2116.5
4148,694.0,2115.5
4149,694.0,2114.5
4150,694.0,2113.5
4151,694.0,2112.5
4152,694.0,2112.5
4153,694.0,2111.5
4154,694.0,2111.5
4155,694.0,2109.5
4156,694.0,2109.5
4157,694.0,2109.5
4158,694.0,2108.5
4159,694.0,2107.5
4160,693.0,2107.5
4161,694.0,2106.5
4162,694.0,2106.5
4163,694.0,2106.5
4164,694.0,2104.5
4165,694.0,2104.5
4166,694.0,2104.5
4167,694.0,2103.5
4168,694.0,2103.5
4169,694.0,2102.5
4170,694.0,2102.5
4171,694.0,2102.5
4172,694.0,2101.5
4173,694.0,2101.5
4174,694.0,2100.5
4175,694.0,2101.5
4176,693.0,2100.5
4177,694.0,2099.5
4178,694.0,2099.5
4179,694.0,2099.5
4180,694.0,2098.5
4181,694.0,2097.5
4182,694.0,2097.5
4183,693.0,2097.5
4184,694.0,2095.5
4185,694.0,2096.5
4186,694.0,2094.5
4187,694.0,2094.5
4188,694.0,2093.5
4189,694.0,2093.5
4190,695.0,2093.5
4191,694.0,2091.5
4192,694.0,2092.5
4193,694.0,2090.5
4194,694.0,2090.5
4195,694.0,2090.5
4196,694.0,2088.5
4197,694.0,2088.5
4198,694.0,2088.5
4199,695.0,2086.5
4200,695.0,2086.5
4201,695.0,2086.5
4202,694.0,2085.5
4203,694.0,2085.5
4204,694.0,2083.5
4205,694.0,2083.5
4206,694.0,2082.5
4207,694.0,2082.5
4208,694.0,2081.5
4209,695.0,2081.5
4210,694.0,2081.5
4211,695.0,2079.5
4212,695.0,2079.5
4213,695.0,2078.5
4214,695.0,2078.5
4215,696.0,2078.5
4216,695.0,2077.5
4217,695.0,2076.5
4218,695.0,2076.5
4219,695.0,2076.5
4220,695.0,2075.5
4221,695.0,2075.5
4222,695.0,2075.5
4223,695.0,2074.5
4224,695.0,2073.5
4225,695.0,2072.5
4226,694.0,2072.5
4227,694.0,2071.5
4228,694.0,2071.5
4229,695.0,2069.5
4230,695.0,2070.5
4231,695.0,2068.5
4232,694.0,2069.5
4233,694.0,2067.5
4234,694.0,2067.5
4235,694.0,2066.5
4236,695.0,2066.5
4237,695.0,2064.5
4238,694.0,2064.5
4239,694.0,2064.5
4240,694.0,2062.5
4241,694.0,2062.5
4242,694.0,2061.5
4243,694.0,2060.5
4244,694.0,2060.5
4245,694.0,2058.5
4246,695.0,2058.5
4247,695.0,2058.5
4248,695.0,2056.5
4249,695.0,2056.5
4250,695.0,2055.5
4251,695.0,2055.5
4252,695.0,2053.5
4253,695.0,2053.5
4254,694.0,2052.5
4255,694.0,2051.5
4256,695.0,2051.5
4257,695.0,2049.5
4258,695.0,2049.5
4259,695.0,2049.5
4260,695.0,2048.5
4261,695.0,2047.5
4262,695.0,2047.5
4263,695.0,2045.5
4264,695.0,2046.5
4265,694.0,2044.5
4266,694.0,2044.5
4267,694.0,2044.5
4268,694.0,2042.5
4269,694.0,2042.5
4270,694.0,2042.5
4271,694.0,2040.5
4272,694.0,2040.5
4273,694.0,2040.5
4274,694.0,2039.5
4275,695.0,2038.5
4276,695.0,2038.5
4277,695.0,2037.5
4278,695.0,2036.5
4279,695.0,2036.5
4280,695.0,2035.5
4281,695.0,2034.5
4282,695.0,2034.5
4283,695.0,2032.5
4284,695.0,2033.5
4285,695.0,2031.5
4286,695.0,2032.5
4287,695.0,2031.5
4288,695.0,2031.5
4289,695.0,2031.5
4290,695.0,2031.5
4291,696.0,2031.5
4292,695.0,2031.5
4293,695.0,2030.5
4294,696.0,2031.5
4295,695.0,2031.5
4296,695.0,2030.5
4297,695.0,2031.5
4298,696.0,2030.5
4299,695.0,2031.5
4300,695.0,2030.5
4301,695.0,2031.5
4302,695.0,2030.5
4303,695.0,2030.5
4304,695.0,2030.5
4305,695.0,2030.5
4306,695.0,2031.5
4307,695.0,2030.5
4308,695.0,2031.5
4309,695.0,2030.5
4310,695.0,2030.5
4311,696.0,2030.5
4312,696.0,2030.5
4313,696.0,2030.5
4314,696.0,2030.5
4315,696.0,2031.5
4316,696.0,2030.5
4317,695.0,2030.5
4318,695.0,2030.5
4319,695.0,2031.5
4320,695.0,2030.5
4321,695.0,2031.5
4322,695.0,2030.5
4323,695.0,2031.5
4324,695.0,2030.5
4325,695.0,2031.5
4326,695.0,2030.5
4327,695.0,2030.5
4328,695.0,2030.5
4329,695.0,2031.5
4330,696.0,2030.5
4331,695.0,2030.5
4332,695.0,2030.5
4333,695.0,2030.5
4334,695.0,2031.5
4335,696.0,2030.5
4336,695.0,2030.5
4337,696.0,2030.5
4338,695.0,2030.5
4339,695.0,2030.5
4340,695.0,2030.5
4341,695.0,2031.5
4342,695.0,2030.5
4343,696.0,2031.5
4344,696.0,2030.5
4345,695.0,2031.5
4346,695.0,2030.5
4347,695.0,2031.5
4348,696.0,2030.5
4349,696.0,2031.5
4350,696.0,2030.5
4351,695.0,2031.5
4352,695.0,2031.5
4353,695.0,2031.5
4354,695.0,2030.5
4355,696.0,2031.5
4356,695.0,2030.5
4357,695.0,2031.5
4358,695.0,2031.5
4359,695.0,2031.5
4360,695.0,2030.5
4361,695.0,2031.5
4362,695.0,2031.5
4363,695.0,2031.5
4364,695.0,2031.5
4365,695.0,2031.5
4366,695.0,2031.5
4367,695.0,2031.5
4368,695.0,2031.5
4369,696.0,2031.5
4370,695.0,2031.5
4371,695.0,2031.5
4372,695.0,2030.5
4373,696.0,2031.5
4374,695.0,2031.5
4375,695.0,2030.5
4376,695.0,2031.5
4377,695.0,2030.5
4378,695.0,2031.5
4379,695.0,2030.5
4380,695.0,2031.5
4381,695.0,2030.5
4382,695.0,2030.5
4383,695.0,2031.5
4384,695.0,2030.5
4385,695.0,2031.5
4386,695.0,2030.5
4387,695.0,2031.5
4388,695.0,2030.5
4389,695.0,2030.5
4390,695.0,2031.5
4391,695.0,2030.5
4392,695.0,2031.5
4393,695.0,2030.5
4394,695.0,2030.5
4395,695.0,2031.5
4396,695.0,2031.5
4397,695.0,2030.5
4398,695.0,2031.5
4399,696.0,2030.5
4400,695.0,2031.5
4401,695.0,2030.5
4402,695.0,2031.5
4403,695.0,2030.5
4404,695.0,2031.5
4405,695.0,2031.5
4406,695.0,2031.5
4407,695.0,2030.5
4408,695.0,2031.5
4409,695.0,2031.5
4410,695.0,2031.5
4411,695.0,2031.5
4412,695.0,2031.5
4413,695.0,2031.5
4414,695.0,2031.5
4415,694.0,2032.5
4416,694.0,2032.5
4417,695.0,2031.5
4418,695.0,2032.5
4419,694.0,2033.5
4420,694.0,2033.5
4421,694.0,2034.5
4422,694.0,2034.5
4423,694.0,2035.5
4424,694.0,2036.5
4425,694.0,2036.5
4426,695.0,2036.5
4427,694.0,2038.5
4428,694.0,2037.5
4429,694.0,2039.5
4430,694.0,2040.5
4431,694.0,2040.5
4432,694.0,2041.5
4433,694.0,2042.5
4434,694.0,2042.5
4435,694.0,2044.5
4436,694.0,2044.5
4437,695.0,2045.5
4438,694.0,2046.5
4439,694.0,2046.5
4440,694.0,2048.5
4441,694.0,2048.5
4442,694.0,2049.5
4443,694.0,2050.5
4444,694.0,2050.5
4445,693.0,2051.5
4446,694.0,2052.5
4447,694.0,2052.5
4448,694.0,2052.5
4449,694.0,2053.5
4450,694.0,2053.5
4451,694.0,2054.5
4452,694.0,2055.5
4453,694.0,2055.5
4454,694.0,2055.5
4455,694.0,2056.5
4456,694.0,2057.5
4457,694.0,2057.5
4458,694.0,2057.5
4459,694.0,2058.5
4460,694.0,2058.5
4461,694.0,2059.5
4462,694.0,2060.5
4463,694.0,2060.5
4464,694.0,2061.5
4465,694.0,2061.5
4466,694.0,2061.5
4467,694.0,2063.5
4468,694.0,2064.5
4469,694.0,2064.5
4470,694.0,2066.5
4471,694.0,2066.5
4472,694.0,2068.5
4473,694.0,2068.5
4474,694.0,2070.5
4475,694.0,2070.5
4476,694.0,2072.5
4477,694.0,2071.5
4478,694.0,2072.5
4479,694.0,2073.5
4480,694.0,2074.5
4481,695.0,2074.5
4482,694.0,2074.5
4483,694.0,2075.5
4484,694.0,2076.5
4485,694.0,2076.5
4486,694.0,2076.5
4487,694.0,2077.5
4488,694.0,2078.5
4489,694.0,2078.5
4490,693.0,2079.5
4491,693.0,2079.5
4492,693.0,2080.5
4493,693.0,2081.5
4494,693.0,2081.5
4495,693.0,2082.5
4496,693.0,2082.5
4497,694.0,2083.5
4498,694.0,2083.5
4499,694.0,2083.5
4500,694.0,2085.5
4501,694.0,2085.5
4502,693.0,2085.5
4503,693.0,2086.5
4504,694.0,2087.5
4505,694.0,2087.5
4506,694.0,2087.5
4507,694.0,2088.5
4508,694.0,2088.5
4509,694.0,2088.5
4510,694.0,2090.5
4511,694.0,2090.5
4512,694.0,2091.5
4513,694.0,2091.5
4514,694.0,2091.5
4515,694.0,2093.5
4516,694.0,2092.5
4517,694.0,2093.5
4518,694.0,2093.5
4519,694.0,2094.5
4520,694.0,2094.5
4521,694.0,2096.5
4522,694.0,2096.5
4523,694.0,2096.5
4524,693.0,2097.5
4525,694.0,2098.5
4526,694.0,2098.5
4527,694.0,2098.5
4528,694.0,2099.5
4529,694.0,2100.5
4530,694.0,2100.5
4531,694.0,2100.5
4532,694.0,2101.5
4533,694.0,2101.5
4534,694.0,2102.5
4535,694.0,2102.5
4536,694.0,2103.5
4537,694.0,2103.5
4538,694.0,2103.5
4539,694.0,2104.5
4540,695.0,2104.5
4541,695.0,2105.5
4542,694.0,2105.5
4543,694.0,2106.5
4544,694.0,2107.5
4545,694.0,2107.5
4546,695.0,2107.5
4547,695.0,2107.5
4548,695.0,2109.5
4549,695.0,2108.5
4550,694.0,2109.5
4551,694.0,2110.5
4552,694.0,2110.5
4553,694.0,2111.5
4554,694.0,2112.5
4555,694.0,2112.5
4556,694.0,2112.5
4557,694.0,2114.5
4558,694.0,2114.5
4559,694.0,2115.5
4560,693.0,2115.5
4561,694.0,2116.5
4562,694.0,2117.5
4563,694.0,2117.5
4564,694.0,2118.5
4565,694.0,2119.5
4566,694.0,2118.5
4567,694.0,2120.5
4568,693.0,2120.5
4569,694.0,2121.5
4570,694.0,2121.5
4571,694.0,2121.5
4572,694.0,2122.5
4573,694.0,2123.5
4574,694.0,2123.5
4575,694.0,2123.5
4576,694.0,2124.5
4577,694.0,2125.5
4578,694.0,2124.5
4579,694.0,2125.5
4580,694.0,2124.5
4581,694.0,2126.5
4582,694.0,2126.5
4583,694.0,2126.5
4584,694.0,2126.5
4585,694.0,2127.5
4586,694.0,2128.5
4587,694.0,2129.5
4588,694.0,2129.5
4589,694.0,2130.5
4590,694.0,2131.5
4591,694.0,2132.5
4592,694.0,2132.5
4593,694.0,2133.5
4594,694.0,2133.5
4595,694.0,2134.5
4596,694.0,2134.5
4597,694.0,2135.5
4598,694.0,2135.5
4599,694.0,2135.5
4600,694.0,2137.5
4601,694.0,2137.5
4602,694.0,2137.5
4603,694.0,2138.5
4604,694.0,2138.5
4605,694.0,2139.5
4606,694.0,2140.5
4607,694.0,2140.5
4608,694.0,2140.5
4609,693.0,2141.5
4610,693.0,2142.5
4611,693.0,2143.5
4612,693.0,2143.5
4613,693.0,2144.5
4614,693.0,2145.5
4615,693.0,2146.5
4616,693.0,2146.5
4617,693.0,2147.5
4618,693.0,2147.5
4619,693.0,2148.5
4620,693.0,2148.5
4621,693.0,2148.5
4622,693.0,2149.5
4623,693.0,2149.5
4624,693.0,2151.5
4625,693.0,2151.5
4626,693.0,2152.5
4627,693.0,2153.5
4628,693.0,2154.5
4629,693.0,2154.5
4630,693.0,2155.5
4631,693.0,2155.5
4632,693.0,2156.5
4633,693.0,2156.5
4634,693.0,2157.5
4635,693.0,2158.5
4636,693.0,2158.5
4637,693.0,2159.5
4638,693.0,2160.5
4639,693.0,2161.5
4640,693.0,2162.5
4641,693.0,2162.5
4642,693.0,2163.5
4643,693.0,2164.5
4644,692.0,2164.5
4645,693.0,2166.5
4646,693.0,2166.5
4647,693.0,2166.5
4648,692.0,2167.5
4649,692.0,2168.5
4650,692.0,2169.5
4651,692.0,2169.5
4652,692.0,2170.5
4653,692.0,2170.5
4654,692.0,2172.5
4655,692.0,2172.5
4656,692.0,2173.5
4657,693.0,2173.5
4658,693.0,2174.5
4659,692.0,2175.5
4660,692.0,2176.5
4661,692.0,2176.5
4662,692.0,2177.5
4663,692.0,2178.5
4664,692.0,2179.5
4665,692.0,2179.5
4666,692.0,2180.5
4667,692.0,2181.5
4668,692.0,2181.5
4669,692.0,2182.5
4670,692.0,2182.5
4671,692.0,2183.5
4672,692.0,2184.5
4673,692.0,2185.5
4674,692.0,2185.5
4675,692.0,2186.5
4676,692.0,2187.5
4677,692.0,2187.5
4678,692.0,2188.5
4679,692.0,2188.5
4680,692.0,2189.5
4681,692.0,2190.5
4682,692.0,2190.5
4683,692.0,2190.5
4684,692.0,2191.5
4685,692.0,2191.5
4686,691.0,2191.5
4687,691.0,2193.5
4688,692.0,2192.5
4689,692.0,2193.5
4690,692.0,2194.5
4691,692.0,2194.5
4692,692.0,2195.5
4693,692.0,2195.5
4694,692.0,2196.5
4695,692.0,2196.5
4696,691.0,2197.5
4697,691.0,2197.5
4698,692.0,2198.5
4699,692.0,2199.5
4700,692.0,2199.5
4701,692.0,2199.5
4702,692.0,2200.5
4703,692.0,2201.5
4704,692.0,2201.5
4705,692.0,2202.5
4706,692.0,2202.5
4707,692.0,2203.5
4708,691.0,2203.5
4709,691.0,2203.5
4710,691.0,2204.5
4711,691.0,2204.5
4712,691.0,2205.5
4713,691.0,2205.5
4714,691.0,2206.5
4715,692.0,2206.5
4716,692.0,2206.5
4717,691.0,2207.5
4718,691.0,2208.5
4719,691.0,2208.5
4720,691.0,2209.5
4721,691.0,2209.5
4722,691.0,2210.5
4723,691.0,2210.5
4724,691.0,2211.5
4725,690.0,2211.5
4726,690.0,2211.5
4727,691.0,2211.5
4728,691.0,2213.5
4729,691.0,2212.5
4730,691.0,2213.5
4731,691.0,2214.5
4732,691.0,2214.5
4733,691.0,2214.5
4734,691.0,2215.5
4735,691.0,2215.5
4736,691.0,2217.5
4737,691.0,2217.5
4738,691.0,2217.5
4739,690.0,2219.5
4740,690.0,2218.5
4741,690.0,2219.5
4742,690.0,2220.5
4743,690.0,2220.5
4744,690.0,2221.5
4745,690.0,2221.5
4746,690.0,2222.5
4747,691.0,2222.5
4748,690.0,2223.5
4749,690.0,2223.5
4750,690.0,2223.5
4751,690.0,2224.5
4752,690.0,2225.5
4753,690.0,2225.5
4754,690.0,2225.5
4755,690.0,2226.5
4756,690.0,2226.5
4757,690.0,2227.5
4758,690.0,2227.5
4759,690.0,2228.5
4760,689.0,2229.5
4761,689.0,2228.5
4762,689.0,2230.5
4763,689.0,2230.5
4764,689.0,2230.5
4765,689.0,2230.5
4766,688.0,2231.5
4767,688.0,2231.5
4768,689.0,2232.5
4769,689.0,2233.5
4770,689.0,2233.5
4771,689.0,2233.5
4772,689.0,2235.5
4773,689.0,2235.5
4774,689.0,2236.5
4775,689.0,2236.5
4776,689.0,2237.5
4777,689.0,2238.5
4778,689.0,2238.5
4779,689.0,2239.5
4780,689.0,2239.5
4781,689.0,2241.5
4782,689.0,2240.5
4783,688.0,2242.5
4784,689.0,2242.5
4785,689.0,2242.5
4786,689.0,2244.5
4787,689.0,2244.5
4788,689.0,2244.5
4789,689.0,2245.5
4790,688.0,2245.5
4791,688.0,2247.5
4792,688.0,2247.5
4793,688.0,2247.5
4794,688.0,2247.5
4795,689.0,2249.5
4796,689.0,2248.5
4797,688.0,2250.5
4798,688.0,2249.5
4799,689.0,2250.5
4800,688.0,2251.5
4801,688.0,2251.5
4802,688.0,2251.5
4803,688.0,2252.5
4804,688.0,2252.5
4805,687.0,2253.5
4806,687.0,2253.5
4807,687.0,2253.5
4808,687.0,2254.5
4809,688.0,2254.5
4810,688.0,2255.5
4811,688.0,2256.5
4812,688.0,2256.5
4813,688.0,2257.5
4814,689.0,2257.5
4815,689.0,2257.5
4816,689.0,2259.5
4817,688.0,2259.5
4818,688.0,2259.5
4819,688.0,2260.5
4820,688.0,2260.5
4821,688.0,2261.5
4822,689.0,2261.5
4823,688.0,2262.5
4824,688.0,2262.5
4825,688.0,2264.5
4826,688.0,2264.5
4827,688.0,2264.5
4828,688.0,2265.5
4829,688.0,2266.5
4830,688.0,2266.5
4831,688.0,2266.5
4832,688.0,2267.5
4833,688.0,2267.5
4834,687.0,2269.5
4835,687.0,2269.5
4836,688.0,2270.5
4837,688.0,2270.5
4838,688.0,2271.5
4839,688.0,2271.5
4840,687.0,2272.5
4841,687.0,2272.5
4842,687.0,2274.5
4843,687.0,2273.5
4844,686.0,2274.5
4845,687.0,2275.5
4846,687.0,2275.5
4847,686.0,2276.5
4848,687.0,2277.5
4849,687.0,2277.5
4850,687.0,2278.5
4851,686.0,2279.5
4852,686.0,2279.5
4853,686.0,2280.5
4854,687.0,2281.5
4855,686.0,2281.5
4856,686.0,2282.5
4857,687.0,2282.5
4858,687.0,2283.5
4859,687.0,2283.5
4860,687.0,2285.5
4861,687.0,2285.5
4862,687.0,2286.5
4863,687.0,2286.5
4864,686.0,2287.5
4865,686.0,2288.5
4866,686.0,2289.5
4867,686.0,2289.5
4868,686.0,2290.5
4869,687.0,2290.5
4870,687.0,2292.5
4871,686.0,2291.5
4872,686.0,2293.5
4873,686.0,2293.5
4874,686.0,2293.5
4875,685.0,2295.5
4876,686.0,2295.5
4877,686.0,2296.5
4878,686.0,2297.5
4879,686.0,2297.5
4880,686.0,2299.5
4881,686.0,2299.5
4882,685.0,2300.5
4883,685.0,2301.5
4884,685.0,2301.5
4885,685.0,2302.5
4886,686.0,2303.5
4887,685.0,2304.5
4888,685.0,2304.5
4889,685.0,2305.5
4890,685.0,2306.5
4891,685.0,2306.5
4892,685.0,2307.5
4893,685.0,2308.5
4894,685.0,2308.5
4895,685.0,2309.5
4896,685.0,2309.5
4897,685.0,2311.5
4898,685.0,2311.5
4899,686.0,2311.5
4900,686.0,2312.5
4901,686.0,2312.5
4902,686.0,2313.5
4903,686.0,2314.5
4904,687.0,2314.5
4905,687.0,2315.5
4906,687.0,2315.5
4907,687.0,2316.5
4908,687.0,2317.5
4909,687.0,2317.5
4910,687.0,2318.5
4911,687.0,2318.5
4912,687.0,2318.5
4913,687.0,2320.5
4914,686.0,2320.5
4915,686.0,2320.5
4916,686.0,2321.5
4917,686.0,2322.5
4918,686.0,2323.5
4919,685.0,2323.5
4920,685.0,2324.5
4921,684.0,2325.5
4922,684.0,2325.5
4923,684.0,2327.5
4924,684.0,2327.5
4925,684.0,2327.5
4926,683.0,2327.5
4927,683.0,2329.5
4928,684.0,2329.5
4929,683.0,2330.5
4930,683.0,2331.5
4931,683.0,2330.5
4932,683.0,2331.5
4933,683.0,2331.5
4934,683.0,2332.5
4935,683.0,2333.5
4936,683.0,2333.5
4937,683.0,2333.5
4938,683.0,2334.5
4939,683.0,2334.5
4940,683.0,2334.5
4941,684.0,2335.5
4942,683.0,2335.5
4943,683.0,2336.5
4944,684.0,2336.5
4945,683.0,2338.5
4946,683.0,2337.5
4947,683.0,2339.5
4948,684.0,2339.5
4949,684.0,2339.5
4950,683.0,2340.5
4951,683.0,2342.5
4952,683.0,2342.5
4953,683.0,2342.5
4954,684.0,2343.5
4955,683.0,2343.5
4956,684.0,2344.5
4957,685.0,2345.5
4958,684.0,2345.5
4959,684.0,2346.5
4960,684.0,2346.5
4961,683.0,2347.5
4962,683.0,2347.5
4963,684.0,2349.5
4964,684.0,2348.5
4965,684.0,2350.5
4966,683.0,2350.5
4967,683.0,2351.5
4968,683.0,2351.5
4969,683.0,2352.5
4970,683.0,2352.5
4971,683.0,2353.5
4972,683.0,2353.5
4973,683.0,2353.5
4974,683.0,2354.5
4975,683.0,2354.5
4976,683.0,2354.5
4977,683.0,2355.5
4978,683.0,2356.5
4979,683.0,2356.5
4980,682.0,2356.5
4981,683.0,2357.5
4982,683.0,2357.5
4983,682.0,2357.5
4984,682.0,2358.5
4985,682.0,2358.5
4986,682.0,2359.5
4987,683.0,2359.5
4988,683.0,2360.5
4989,683.0,2361.5
4990,683.0,2361.5
4991,682.0,2362.5
4992,682.0,2364.5
4993,683.0,2364.5
4994,683.0,2364.5
4995,683.0,2365.5
4996,683.0,2365.5
4997,683.0,2367.5
4998,683.0,2367.5
4999,683.0,2368.5
5000,683.0,2368.5
5001,683.0,2369.5
5002,683.0,2370.5
5003,683.0,2371.5
5004,683.0,2371.5
5005,683.0,2372.5
5006,683.0,2373.5
5007,683.0,2373.5
5008,683.0,2373.5
5009,683.0,2374.5
5010,684.0,2376.5
5011,684.0,2375.5
5012,683.0,2377.5
5013,683.0,2377.5
5014,684.0,2377.5
5015,684.0,2378.5
5016,684.0,2379.5
5017,684.0,2379.5
5018,684.0,2380.5
5019,684.0,2380.5
5020,684.0,2381.5
5021,685.0,2382.5
5022,684.0,2382.5
5023,684.0,2382.5
5024,684.0,2383.5
5025,684.0,2384.5
5026,684.0,2384.5
5027,684.0,2385.5
5028,683.0,2387.5
5029,684.0,2387.5
5030,684.0,2387.5
5031,684.0,2389.5
5032,684.0,2389.5
5033,684.0,2389.5
5034,683.0,2390.5
5035,683.0,2391.5
5036,683.0,2391.5
5037,683.0,2392.5
5038,683.0,2393.5
5039,683.0,2393.5
5040,683.0,2393.5
5041,683.0,2394.5
5042,682.0,2394.5
5043,681.0,2395.5
5044,681.0,2396.5
5045,681.0,2396.5
5046,681.0,2396.5
5047,681.0,2397.5
5048,681.0,2397.5
5049,681.0,2398.5
5050,681.0,2398.5
5051,681.0,2399.5
5052,681.0,2399.5
5053,681.0,2400.5
5054,681.0,2400.5
5055,681.0,2400.5
5056,681.0,2401.5
5057,681.0,2402.5
5058,681.0,2402.5
5059,681.0,2403.5
5060,682.0,2404.5
5061,681.0,2404.5
5062,682.0,2404.5
5063,683.0,2406.5
5064,683.0,2406.5
5065,683.0,2406.5
5066,683.0,2408.5
5067,683.0,2408.5
5068,683.0,2408.5
5069,683.0,2409.5
5070,683.0,2410.5
5071,683.0,2411.5
5072,683.0,2412.5
5073,683.0,2411.5
5074,683.0,2413.5
5075,684.0,2412.5
5076,684.0,2414.5
5077,683.0,2415.5
5078,683.0,2415.5
5079,683.0,2415.5
5080,683.0,2416.5
5081,683.0,2416.5
5082,683.0,2418.5
5083,683.0,2418.5
5084,683.0,2419.5
5085,683.0,2419.5
5086,683.0,2421.5
5087,684.0,2421.5
5088,684.0,2423.5
5089,684.0,2423.5
5090,684.0,2423.5
5091,684.0,2424.5
5092,684.0,2424.5
5093,684.0,2424.5
5094,684.0,2426.5
5095,683.0,2426.5
5096,683.0,2427.5
5097,683.0,2427.5
5098,683.0,2429.5
5099,683.0,2429.5
5100,683.0,2431.5
5101,683.0,2431.5
5102,683.0,2432.5
5103,683.0,2433.5
5104,683.0,2434.5
5105,683.0,2434.5
5106,683.0,2436.5
5107,683.0,2437.5
5108,683.0,2437.5
5109,683.0,2439.5
5110,683.0,2439.5
5111,684.0,2439.5
5112,683.0,2440.5
5113,683.0,2442.5
5114,683.0,2441.5
5115,683.0,2442.5
5116,683.0,2442.5
5117,683.0,2444.5
5118,682.0,2444.5
5119,683.0,2444.5
5120,682.0,2445.5
5121,682.0,2446.5
5122,682.0,2447.5
5123,682.0,2447.5
5124,682.0,2447.5
5125,681.0,2449.5
5126,681.0,2449.5
5127,681.0,2449.5
5128,681.0,2451.5
5129,681.0,2451.5
5130,681.0,2451.5
5131,681.0,2452.5
5132,681.0,2453.5
5133,682.0,2454.5
5134,681.0,2454.5
5135,682.0,2455.5
5136,682.0,2456.5
5137,682.0,2456.5
5138,682.0,2456.5
5139,682.0,2458.5
5140,682.0,2458.5
5141,682.0,2458.5
5142,682.0,2460.5
5143,682.0,2460.5
5144,682.0,2460.5
5145,682.0,2460.5
5146,682.0,2461.5
5147,682.0,2462.5
5148,681.0,2462.5
5149,682.0,2463.5
5150,682.0,2464.5
5151,682.0,2464.5
5152,682.0,2464.5
5153,681.0,2465.5
5154,681.0,2466.5
5155,681.0,2466.5
5156,682.0,2466.5
5157,681.0,2468.5
5158,681.0,2468.5
5159,681.0,2468.5
5160,681.0,2469.5
5161,681.0,2470.5
5162,681.0,2470.5
5163,681.0,2471.5
5164,681.0,2471.5
5165,681.0,2471.5
5166,681.0,2473.5
5167,681.0,2473.5
5168,681.0,2474.5
5169,681.0,2474.5
5170,681.0,2475.5
5171,681.0,2475.5
5172,681.0,2476.5
5173,682.0,2476.5
5174,681.0,2477.5
5175,681.0,2478.5
5176,681.0,2478.5
5177,681.0,2479.5
5178,681.0,2478.5
5179,681.0,2480.5
5180,681.0,2480.5
5181,680.0,2481.5
5182,680.0,2481.5
5183,680.0,2482.5
5184,680.0,2482.5
5185,680.0,2483.5
5186,680.0,2483.5
5187,680.0,2484.5
5188,680.0,2484.5
5189,680.0,2485.5
5190,680.0,2485.5
5191,680.0,2486.5
5192,680.0,2486.5
5193,680.0,2487.5
5194,680.0,2487.5
5195,680.0,2488.5
5196,681.0,2489.5
5197,681.0,2489.5
5198,680.0,2489.5
5199,680.0,2490.5
5200,681.0,2491.5
5201,680.0,2491.5
5202,680.0,2492.5
5203,680.0,2492.5
5204,680.0,2493.5
5205,680.0,2493.5
5206,680.0,2494.5
5207,680.0,2495.5
5208,680.0,2496.5
5209,680.0,2497.5
5210,680.0,2497.5
5211,681.0,2498.5
5212,681.0,2498.5
5213,681.0,2498.5
5214,681.0,2500.5
5215,680.0,2500.5
5216,680.0,2500.5
5217,680.0,2501.5
5218,680.0,2502.5
5219,680.0,2502.5
5220,680.0,2502.5
5221,680.0,2503.5
5222,679.0,2504.5
5223,679.0,2504.5
5224,680.0,2504.5
5225,680.0,2505.5
5226,679.0,2506.5
5227,680.0,2506.5
5228,680.0,2507.5
5229,680.0,2507.5
5230,679.0,2508.5
5231,679.0,2508.5
5232,679.0,2509.5
5233,679.0,2509.5
5234,679.0,2510.5
5235,679.0,2510.5
5236,679.0,2511.5
5237,679.0,2512.5
5238,679.0,2513.5
5239,679.0,2513.5
5240,679.0,2514.5
5241,679.0,2514.5
5242,679.0,2516.5
5243,679.0,2516.5
5244,679.0,2516.5
5245,679.0,2517.5
5246,679.0,2517.5
5247,679.0,2518.5
5248,679.0,2519.5
5249,679.0,2519.5
5250,678.0,2520.5
5251,678.0,2521.5
5252,679.0,2521.5
5253,679.0,2522.5
5254,679.0,2523.5
5255,679.0,2523.5
5256,679.0,2523.5
5257,679.0,2524.5
5258,679.0,2525.5
5259,679.0,2525.5
5260,679.0,2526.5
5261,679.0,2526.5
5262,679.0,2526.5
5263,679.0,2527.5
5264,679.0,2527.5
5265,679.0,2527.5
5266,679.0,2528.5
5267,679.0,2529.5
5268,679.0,2529.5
5269,679.0,2530.5
5270,679.0,2530.5
5271,680.0,2530.5
5272,680.0,2531.5
5273,680.0,2532.5
5274,680.0,2532.5
5275,680.0,2532.5
5276,681.0,2534.5
5277,680.0,2534.5
5278,680.0,2534.5
5279,680.0,2535.5
5280,680.0,2536.5
5281,679.0,2536.5
5282,679.0,2537.5
5283,679.0,2538.5
5284,679.0,2538.5
5285,679.0,2539.5
5286,679.0,2540.5
5287,679.0,2540.5
5288,679.0,2542.5
5289,679.0,2542.5
5290,679.0,2542.5
5291,679.0,2543.5
5292,679.0,2544.5
5293,679.0,2545.5
5294,679.0,2546.5
5295,679.0,2546.5
5296,678.0,2547.5
5297,678.0,2547.5
5298,678.0,2548.5
5299,678.0,2549.5
5300,678.0,2549.5
5301,678.0,2550.5
5302,678.0,2550.5
5303,678.0,2550.5
5304,678.0,2551.5
5305,678.0,2552.5
5306,678.0,2553.5
5307,678.0,2553.5
5308,678.0,2553.5
5309,678.0,2555.5
5310,678.0,2554.5
5311,678.0,2556.5
5312,678.0,2556.5
5313,678.0,2556.5
5314,678.0,2557.5
5315,677.0,2559.5
5316,678.0,2558.5
5317,678.0,2559.5
5318,678.0,2560.5
5319,678.0,2560.5
5320,678.0,2560.5
5321,678.0,2562.5
5322,678.0,2562.5
5323,679.0,2564.5
5324,679.0,2563.5
5325,679.0,2565.5
5326,679.0,2566.5
5327,679.0,2566.5
5328,679.0,2568.5
5329,678.0,2569.5
5330,679.0,2571.5
5331,678.0,2571.5
5332,678.0,2571.5
5333,677.0,2572.5
5334,678.0,2573.5
5335,678.0,2574.5
5336,677.0,2573.5
5337,677.0,2575.5
5338,677.0,2575.5
5339,677.0,2576.5
5340,677.0,2576.5
5341,677.0,2578.5
5342,678.0,2578.5
5343,677.0,2579.5
5344,677.0,2579.5
5345,676.0,2581.5
5346,677.0,2581.5
5347,677.0,2582.5
5348,677.0,2584.5
5349,677.0,2583.5
5350,677.0,2585.5
5351,677.0,2585.5
5352,677.0,2587.5
5353,677.0,2587.5
5354,677.0,2589.5
5355,677.0,2588.5
5356,677.0,2590.5
5357,677.0,2591.5
5358,677.0,2591.5
5359,676.0,2592.5
5360,676.0,2594.5
5361,676.0,2593.5
5362,676.0,2594.5
5363,677.0,2595.5
5364,677.0,2596.5
5365,677.0,2595.5
5366,677.0,2596.5
5367,677.0,2597.5
5368,677.0,2596.5
5369,677.0,2597.5
5370,677.0,2597.5
5371,677.0,2599.5
5372,677.0,2599.5
5373,677.0,2600.5
5374,677.0,2601.5
5375,676.0,2600.5
5376,677.0,2601.5
5377,677.0,2602.5
5378,677.0,2603.5
5379,676.0,2603.5
5380,676.0,2604.5
5381,677.0,2605.5
5382,677.0,2605.5
5383,677.0,2605.5
5384,677.0,2607.5
5385,677.0,2608.5
5386,677.0,2608.5
5387,677.0,2609.5
5388,677.0,2610.5
5389,677.0,2611.5
5390,676.0,2612.5
5391,676.0,2614.5
5392,676.0,2614.5
5393,676.0,2615.5
5394,676.0,2615.5
5395,677.0,2617.5
5396,676.0,2617.5
5397,676.0,2618.5
5398,677.0,2619.5
5399,676.0,2619.5
5400,676.0,2619.5
5401,676.0,2620.5
5402,676.0,2621.5
5403,676.0,2621.5
5404,675.0,2622.5
5405,676.0,2622.5
5406,676.0,2623.5
5407,676.0,2623.5
5408,676.0,2624.5
5409,676.0,2626.5
5410,675.0,2626.5
5411,675.0,2626.5
5412,675.0,2627.5
5413,675.0,2627.5
5414,675.0,2627.5
5415,676.0,2628.5
5416,675.0,2628.5
5417,674.0,2630.5
5418,675.0,2630.5
5419,675.0,2630.5
5420,675.0,2631.5
5421,674.0,2631.5
5422,674.0,2632.5
5423,675.0,2632.5
5424,675.0,2633.5
5425,675.0,2633.5
5426,674.0,2635.5
5427,675.0,2635.5
5428,675.0,2635.5
5429,674.0,2636.5
5430,675.0,2637.5
5431,675.0,2637.5
5432,675.0,2638.5
5433,675.0,2638.5
5434,675.0,2639.5
5435,675.0,2639.5
5436,675.0,2640.5
5437,675.0,2641.5
5438,675.0,2643.5
5439,675.0,2642.5
5440,675.0,2644.5
5441,675.0,2643.5
5442,674.0,2643.5
5443,674.0,2645.5
5444,675.0,2644.5
5445,674.0,2646.5
5446,675.0,2645.5
5447,675.0,2647.5
5448,674.0,2647.5
5449,675.0,2647.5
5450,675.0,2646.5
5451,675.0,2647.5
5452,675.0,2647.5
5453,675.0,2647.5
5454,675.0,2647.5
5455,675.0,2646.5
5456,674.0,2647.5
5457,675.0,2647.5
5458,675.0,2647.5
5459,675.0,2647.5
5460,675.0,2647.5
5461,674.0,2647.5
5462,674.0,2647.5
5463,675.0,2647.5
5464,675.0,2647.5
5465,675.0,2647.5
5466,675.0,2647.5
5467,674.0,2647.5
5468,674.0,2648.5
5469,674.0,2647.5
5470,674.0,2648.5
5471,675.0,2647.5
5472,675.0,2647.5
5473,674.0,2647.5
5474,675.0,2647.5
5475,675.0,2648.5
5476,675.0,2647.5
5477,675.0,2647.5
5478,675.0,2647.5
5479,675.0,2646.5
5480,675.0,2647.5
5481,675.0,2647.5
5482,675.0,2647.5
5483,674.0,2647.5
5484,675.0,2647.5
5485,675.0,2647.5
5486,675.0,2647.5
5487,674.0,2647.5
5488,674.0,2647.5
5489,675.0,2647.5
5490,675.0,2647.5
5491,675.0,2647.5
5492,675.0,2648.5
5493,675.0,2647.5
5494,674.0,2647.5
5495,674.0,2647.5
5496,675.0,2647.5
5497,675.0,2647.5
5498,675.0,2647.5
5499,674.0,2647.5
5500,675.0,2647.5
5501,675.0,2647.5
5502,675.0,2647.5
5503,674.0,2648.5
5504,674.0,2647.5
5505,675.0,2647.5
5506,675.0,2648.5
5507,675.0,2648.5
5508,674.0,2648.5
5509,674.0,2647.5
5510,674.0,2648.5
5511,674.0,2648.5
5512,675.0,2648.5
5513,675.0,2647.5
5514,675.0,2648.5
5515,675.0,2648.5
5516,675.0,2648.5
5517,675.0,2648.5
5518,676.0,2647.5
5519,675.0,2648.5
5520,676.0,2647.5
5521,677.0,2647.5
5522,677.0,2648.5
5523,674.0,2647.5
5524,672.0,2647.5
5525,672.0,2646.5
5526,676.0,2648.5
5527,680.0,2648.5
5528,676.0,2648.5
5529,673.0,2646.5
5530,673.0,2646.5
5531,675.0,2648.5
5532,678.0,2648.5
5533,678.0,2647.5
5534,676.0,2647.5
5535,673.0,2647.5
5536,673.0,2648.5
5537,676.0,2647.5
5538,678.0,2648.5
5539,676.0,2647.5
5540,674.0,2647.5
5541,674.0,2647.5
5542,676.0,2647.5
5543,677.0,2647.5
5544,677.0,2648.5
5545,675.0,2646.5
5546,673.0,2647.5
5547,675.0,2647.5
5548,677.0,2648.5
5549,676.0,2647.5
5550,675.0,2648.5
5551,674.0,2647.5
5552,675.0,2647.5
5553,675.0,2647.5
5554,676.0,2647.5
5555,675.0,2647.5
5556,674.0,2647.5
5557,675.0,2647.5
5558,675.0,2648.5
5559,676.0,2647.5
5560,676.0,2647.5
5561,675.0,2646.5
5562,675.0,2647.5
5563,675.0,2646.5
5564,675.0,2648.5
5565,676.0,2647.5
5566,675.0,2647.5
5567,674.0,2647.5
5568,675.0,2647.5
5569,675.0,2647.5
5570,676.0,2647.5
5571,675.0,2647.5
5572,675.0,2647.5
5573,675.0,2647.5
5574,675.0,2647.5
5575,676.0,2647.5
5576,676.0,2648.5
5577,675.0,2646.5
5578,674.0,2647.5
5579,675.0,2647.5
5580,676.0,2647.5
5581,676.0,2647.5
5582,675.0,2647.5
5583,675.0,2647.5
5584,675.0,2647.5
5585,675.0,2647.5
5586,676.0,2647.5
